N,Город,Регион,Федеральный_округ,Население,Основан,Статус_города,Прежние_названия
1,Абаза,Хакасия,Сибирский,12 272,1867,1966,"Абаканский Завод, Абаканско-Заводское"
2,Абакан,Хакасия,Сибирский,184 769,1734,1931,Усть-Абаканское (до 1931)
3,Абдулино,Оренбургская область,Приволжский,17 274,1795,1923,
4,Абинск,Краснодарский край,Южный,39 511,1863,1963,Абинское (до 1863);
5,Агидель,Башкортостан,Приволжский,14 219,1980,1991,
6,Агрыз,Татарстан,Приволжский,19 991,1646,1938,
7,Адыгейск,Адыгея,Южный,13 175,1969,1976,Адыгейский (до 1976);
8,Азнакаево,Татарстан,Приволжский,34 750,1762,1987,
9,Азов,Ростовская область,Южный,81 924,1067,1708,"Азак, Тана"
10,Ак-Довурак,Тыва,Сибирский,12 456,1964,1964,
11,Аксай,Ростовская область,Южный,48 372,1570,1957,Аксайская
12,Алагир,Северная Осетия,Северо-Кавказский,21 550,1850,1938,
13,Алапаевск,Свердловская область,Уральский,36 189,1639,1781,
14,Алатырь,Чувашия,Приволжский,32 265,1552,1552,
15,Алдан,Якутия,Дальневосточный,21 590,1924,1932,Незаметный (до 1939)
16,Алейск,Алтайский край,Сибирский,25 380,1913,1939,
17,Александров,Владимирская область,Центральный,57 053,XIV век,1778,Александрова слобода
18,Александровск,Пермский край,Приволжский,10 780,1783,1951,
19,Александровск-Сахалинский,Сахалинская область,Дальневосточный,8 854,1869,1917,Александровский пост (до 1926)
20,Алексеевка,Белгородская область,Центральный,36 578,1685,1954,
21,Алексин,Тульская область,Центральный,60 842,1348,1777,
22,Алзамай,Иркутская область,Сибирский,5 373,1899,1955,
23,Алупкане призн.,Крым,Южный,9 063,960,1938,"Алубика, Лупико"
24,Алуштане призн.,Крым,Южный,31 364,VI век,1902,"Луста, Алустон"
25,Альметьевск,Татарстан,Приволжский,163 512,XVIII век,1953,Альметьево (до 1952)
26,Амурск,Хабаровский край,Дальневосточный,38 606,1958,1973,Падали-Восточное
27,Анадырь,Чукотский АО,Дальневосточный,13 202,1889,1965,Новомариинск (до 1923)
28,Анапа,Краснодарский край,Южный,81 863,1781,1846,
29,Ангарск,Иркутская область,Сибирский,221 296,1948,1951,Майск
30,Андреаполь,Тверская область,Центральный,6 956,1907,1967,Андреяполь
31,Анжеро-Судженск,Кемеровская область,Сибирский,66 583,1896,1931,
32,Анива,Сахалинская область,Дальневосточный,9 638,1886,1946,Лютога (до 1905);
33,Апатиты,Мурманская область,Северо-Западный,49 647,1926,1966,Белый (до 1926)
34,Апрелевка,Московская область,Центральный,35 514,1899,1961,
35,Апшеронск,Краснодарский край,Южный,40 289,1863,1947,
36,Арамиль,Свердловская область,Уральский,19 013,1675,1966,
37,Аргун,Чечня,Северо-Кавказский,41 622,XVIII век,1967,Устар-Гардой (до 1944);
38,Ардатов,Мордовия,Приволжский,8 857,1671,1780,"Новотроицкое, Ардатово"
39,Ардон,Северная Осетия,Северо-Кавказский,18 956,1824,1964,
40,Арзамас,Нижегородская область,Приволжский,104 908,1552,1578,
41,Аркадак,Саратовская область,Приволжский,10 990,1721,1963,
42,Армавир,Краснодарский край,Южный,187 177,1839,1914,Армянский аул (до 1848);
43,Армянскне призн.,Крым,Южный,20 692,1736,1993,Армянский Базар (до 1921)
44,Арсеньев,Приморский край,Дальневосточный,47 937,1902,1952,Семёновка (до 1952)
45,Арск,Татарстан,Приволжский,20 421,XIII век,2008,
46,Артём,Приморский край,Дальневосточный,109 556,1924,1938,Зыбунный
47,Артёмовск,Красноярский край,Сибирский,1 510,1700,1939,Ольховский (до 1939)
48,Артёмовский,Свердловская область,Уральский,28 943,1665,1938,Егоршинские копи
49,Архангельск,Архангельская область,Северо-Западный,301 199,1584,1613,Новохолмогоры (до 1613)
50,Асбест,Свердловская область,Уральский,57 317,1889,1933,Куделька (до 1928)
51,Асино,Томская область,Сибирский,24 913,1896,1952,Ксеньевка (до 1933)
52,Астрахань,Астраханская область,Южный,475 629,1558,1717,"Хаджи-Тархан, Аштархан"
53,Аткарск,Саратовская область,Приволжский,22 709,XVIII век,1780,
54,Ахтубинск,Астраханская область,Южный,35 635,1768,1959,Владимировка (до 1959)
55,Ачинск,Красноярский край,Сибирский,100 621,1683,1782,
56,Ачхой-Мартан,Чечня,Северо-Кавказский,30 739,1846,2023,Новосельское (1944—1957)
57,Аша,Челябинская область,Уральский,27 890,1898,1933,Аша-Балашовский завод
58,Бабаево,Вологодская область,Северо-Западный,11 739,XV век,1925,
59,Бабушкин,Бурятия,Сибирский,4 368,1760,1902,Мысовский (до 1892);
60,Бавлы,Татарстан,Приволжский,21 628,1658,1997,"Мансурово, Бавлы-Мансурово"
61,Багратионовск,Калининградская область,Северо-Западный,6 417,1336,1946,Прейсиш-Эйлау (до 1946)
62,Байкальск,Иркутская область,Сибирский,13 199,1961,1966,
63,Баймак,Башкортостан,Приволжский,17 833,1850,1938,"Таналыково, Баймак-Таналыково"
64,Бакал,Челябинская область,Уральский,16 345,1757,1951,
65,Баксан,Кабардино-Балкария,Северо-Кавказский,39 593,1891,1967,Кучмазукино (до 1920);
66,Балабаново,Калужская область,Центральный,29 029,1584,1972,
67,Балаково,Саратовская область,Приволжский,184 466,1762,1911,
68,Балахна,Нижегородская область,Приволжский,48 569,1474,1536,
69,Балашиха,Московская область,Центральный,520 962,1830,1939,
70,Балашов,Саратовская область,Приволжский,74 057,XVII век,1780,
71,Балей,Забайкальский край,Сибирский,10 286,1736,1932,Новотроицкий промысел (до 1932)
72,Балтийск,Калининградская область,Северо-Западный,26 796,1626,1725,Пиллау (до 1946)
73,Барабинск,Новосибирская область,Сибирский,27 648,1893,1917,
74,Барнаул,Алтайский край,Сибирский,630 877,1730,1771,
75,Барыш,Ульяновская область,Приволжский,14 924,XVII век,1954,
76,Батайск,Ростовская область,Южный,126 988,1769,1938,"Батайское, Батайская"
77,Бахчисарайне призн.,Крым,Южный,28 609,1532,1532,
78,Бежецк,Тверская область,Центральный,21 466,1137,1775,Городецк (до 1766)
79,Белая Калитва,Ростовская область,Южный,40 448,1703,1958,Усть-Белокалитвенская
80,Белая Холуница,Кировская область,Приволжский,9 659,1764,1965,Белохолуницкий (до 1965)
81,Белгород,Белгородская область,Центральный,339 978,1596,1596,
82,Белебей,Башкортостан,Приволжский,59 195,1757,1781,
83,Белёв,Тульская область,Центральный,12 846,1147,1147,
84,Белинский,Пензенская область,Приволжский,8 656,1708,1780,Чембар (до 1948)
85,Белово,Кемеровская область,Сибирский,68 542,1726,1938,
86,Белогорск,Амурская область,Дальневосточный,61 440,1860,1926,Александровское (до 1926);
87,Белогорскне призн.,Крым,Южный,17 445,XIII век,XIII век,Карасубазар (до 1944)
88,Белозерск,Вологодская область,Северо-Западный,8 375,862,862,Белоозеро
89,Белокуриха,Алтайский край,Сибирский,14 735,1846,1982,
90,Беломорск,Карелия,Северо-Западный,7 708,XII век,1938,Сорока (до 1938)
91,Белоозёрский,Московская область,Центральный,13 737,1961,2019,
92,Белорецк,Башкортостан,Приволжский,64 525,1762,1923,Белорецкий завод (до 1923)
93,Белореченск,Краснодарский край,Южный,55 870,1862,1958,Белореченская (до 1958)
94,Белоусово,Калужская область,Центральный,10 946,1962,2004,
95,Белоярский,Ханты-Мансийский АО,Уральский,19 994,1969,1988,
96,Белый,Тверская область,Центральный,3 125,1350,1350,
97,Бердск,Новосибирская область,Сибирский,102 850,1716,1944,Бердский острог (до 1783);
98,Березники,Пермский край,Приволжский,138 069,1623,1932,
99,Берёзовский,Кемеровская область,Сибирский,44 932,1965,1965,
100,Берёзовский,Свердловская область,Уральский,59 698,1748,1938,
101,Беслан,Северная Осетия,Северо-Кавказский,35 929,1847,1950,Тулатово (до 1941);
102,Бийск,Алтайский край,Сибирский,183 852,1709,1782,
103,Бикин,Хабаровский край,Дальневосточный,16 240,1895,1938,
104,Билибино,Чукотский АО,Дальневосточный,5 546,1955,1993,Каральваам (до 1956)
105,Биробиджан,Еврейская АО,Дальневосточный,70 064,1915,1931,Тихонькая (до 1931)
106,Бирск,Башкортостан,Приволжский,44 295,1663,1781,Архангельское
107,Бирюсинск,Иркутская область,Сибирский,8 632,1897,1967,Суетиха (до 1967)
108,Бирюч,Белгородская область,Центральный,7 114,1705,2005,Будённый (с 1919 до 1958);
109,Благовещенск,Башкортостан,Приволжский,35 481,1756,1941,Благовещенский завод (до 1941)
110,Благовещенск,Амурская область,Дальневосточный,241 437,1856,1858,Усть-Зейская (до 1858);
111,Благодарный,Ставропольский край,Северо-Кавказский,30 827,1782,1971,Солдатское
112,Бобров,Воронежская область,Центральный,20 871,1698,1711,
113,Богданович,Свердловская область,Уральский,30 142,1885,1947,
114,Богородицк,Тульская область,Центральный,29 560,1663,1777,
115,Богородск,Нижегородская область,Приволжский,35 068,1561,1923,Богородское (до 1923)
116,Боготол,Красноярский край,Сибирский,18 206,1893,1911,
117,Богучар,Воронежская область,Центральный,14 370,1704,1779,
118,Бодайбо,Иркутская область,Сибирский,8 921,1864,1903,
119,Бокситогорск,Ленинградская область,Северо-Западный,16 185,1929,1950,Бокситы (до 1935)
120,Болгар,Татарстан,Приволжский,8 285,X век,1957,Булгар;
121,Бологое,Тверская область,Центральный,20 234,1495,1918,
122,Болотное,Новосибирская область,Сибирский,15 644,1805,1943,
123,Болохово,Тульская область,Центральный,9 339,XVI век,1943,
124,Болхов,Орловская область,Центральный,9 495,1196,1778,
125,Большой Камень,Приморский край,Дальневосточный,41 825,1947,1989,Стройка УНР-261 (до 1956)
126,Бор,Нижегородская область,Приволжский,78 372,XIV век,1938,
127,Борзя,Забайкальский край,Сибирский,29 596,1899,1950,
128,Борисоглебск,Воронежская область,Центральный,60 687,1698,1779,Новопавловск (до 1704)
129,Боровичи,Новгородская область,Северо-Западный,47 883,XV век,1770,
130,Боровск,Калужская область,Центральный,12 598,1358,1358,
131,Бородино,Красноярский край,Сибирский,15 174,1949,1981,
132,Братск,Иркутская область,Сибирский,224 071,1631,1955,"Брацк, Братско-Острожное, Братское"
133,Бронницы,Московская область,Центральный,21 831,1453,1781,Броничи
134,Брянск,Брянская область,Центральный,379 152,985,985,Дебрянск
135,Бугры,Ленинградская область,Северо-Западный,22 428,1855,2024,
136,Бугульма,Татарстан,Приволжский,81 677,1736,1781,
137,Бугуруслан,Оренбургская область,Приволжский,43 593,1748,1781,
138,Будённовск,Ставропольский край,Северо-Кавказский,58 103,1799,1799,Святой Крест (до 1921);
139,Бузулук,Оренбургская область,Приволжский,88 341,1736,1781,
140,Буинск,Татарстан,Приволжский,19 968,1691,1780,
141,Буй,Костромская область,Центральный,20 564,1536,1719,
142,Буйнакск,Дагестан,Северо-Кавказский,68 121,1834,1866,Темир-Хан-Шура (до 1922)
143,Бутурлиновка,Воронежская область,Центральный,24 397,1740,1917,
144,Валдай,Новгородская область,Северо-Западный,14 074,XV век,1770,
145,Валуйки,Белгородская область,Центральный,33 032,1593,1593,
146,Велиж,Смоленская область,Центральный,6 293,1536,1776,
147,Великие Луки,Псковская область,Северо-Западный,86 711,1166,1777,Луки (до 1406)
148,Великий Новгород,Новгородская область,Северо-Западный,224 286,VIII—IX века,859,Новгород (до 1999)
149,Великий Устюг,Вологодская область,Северо-Западный,28 670,1147,1147,Устюг
150,Вельск,Архангельская область,Северо-Западный,21 613,1137,1780,
151,Венёв,Тульская область,Центральный,12 668,1371,1777,
152,Верещагино,Пермский край,Приволжский,22 239,1898,1942,Очерская (до 1903);
153,Верея,Московская область,Центральный,4 906,1371,1781,
154,Верхнеуральск,Челябинская область,Уральский,8 929,1734,1781,Верхояицкая пристань (до 1736);
155,Верхний Тагил,Свердловская область,Уральский,10 113,1716,1966,
156,Верхний Уфалей,Челябинская область,Уральский,22 981,1761,1941,Верхне-Уфалейский завод
157,Верхняя Пышма,Свердловская область,Уральский,71 335,1854,1946,Пышма;
158,Верхняя Салда,Свердловская область,Уральский,41 034,1778,1938,
159,Верхняя Тура,Свердловская область,Уральский,8 554,1737,1941,
160,Верхотурье,Свердловская область,Уральский,6 706,1597,1598,
161,Верхоянск,Якутия,Дальневосточный,828,1638,1817,
162,Весьегонск,Тверская область,Центральный,6 330,1564,1776,
163,Ветлуга,Нижегородская область,Приволжский,7 681,1606,1778,Верхнее Воскресенское (до 1778)
164,Видное,Московская область,Центральный,101 490,1949,1965,"Паринки, Видново"
165,Вилюйск,Якутия,Дальневосточный,10 032,1634,1783,Оленск (до 1821)
166,Вилючинск,Камчатский край,Дальневосточный,21 774,1968,1968,Советский (до 1970);
167,Вихоревка,Иркутская область,Сибирский,21 719,1947,1966,
168,Вичуга,Ивановская область,Центральный,30 694,1925,1925,
169,Владивосток,Приморский край,Дальневосточный,603 519,1860,1880,
170,Владикавказ,Северная Осетия,Северо-Кавказский,295 830,1784,1860,"Орджоникидзе (с 1931 до 1944, с 1954 до 1990);"
171,Владимир,Владимирская область,Центральный,349 951,990,990,
172,Волгоград,Волгоградская область,Южный,1 028 036,1589,1780,Царицын (до 1925);
173,Волгодонск,Ростовская область,Южный,168 048,1950,1956,Волго-Донск
174,Волгореченск,Костромская область,Центральный,14 355,1964,1994,
175,Волжск,Марий Эл,Приволжский,53 013,XVI век,1940,Лопатино (до 1938)
176,Волжский,Волгоградская область,Южный,321 479,1951,1954,
177,Вологда,Вологодская область,Северо-Западный,313 944,1147,1147,
178,Володарск,Нижегородская область,Приволжский,9 705,XIX век,1956,Сейма (до 1920);
179,Волоколамск,Московская область,Центральный,26 389,1135,1135,"Волок-на-Ламе, Волок Ламский"
180,Волосово,Ленинградская область,Северо-Западный,11 931,1870,1999,"Волосва, Волосова"
181,Волхов,Ленинградская область,Северо-Западный,38 511,1918,1933,Званка (до 1933);
182,Волчанск,Свердловская область,Уральский,8 573,1956,1956,Лесная Волчанка (до 1956)
183,Вольск,Саратовская область,Приволжский,55 035,1780,1780,
184,Воркута,Коми,Северо-Западный,56 985,1936,1943,Рудник
185,Воронеж,Воронежская область,Центральный,1 057 681,1586,1586,
186,Ворсма,Нижегородская область,Приволжский,10 162,1588,1955,
187,Воскресенск,Московская область,Центральный,95 495,1862,1938,
188,Воткинск,Удмуртия,Приволжский,97 471,1759,1935,Воткинский завод
189,Всеволожск,Ленинградская область,Северо-Западный,79 038,1892,1963,
190,Вуктыл,Коми,Северо-Западный,9 322,1968,1984,
191,Выборг,Ленинградская область,Северо-Западный,72 530,1293,1403,
192,Выкса,Нижегородская область,Приволжский,45 240,XVI век,1934,
193,Высоковск,Московская область,Центральный,13 081,1864,1940,
194,Высоцк,Ленинградская область,Северо-Западный,1 129,1532,1940,Тронгзунд (до 1917);
195,Вытегра,Вологодская область,Северо-Западный,10 386,1710,1773,
196,Вышний Волочёк,Тверская область,Центральный,45 830,1471,1770,
197,Вяземский,Хабаровский край,Дальневосточный,12 775,1894,1951,Вяземское
198,Вязники,Владимирская область,Центральный,36 203,1608,1778,
199,Вязьма,Смоленская область,Центральный,51 950,1239,1776,
200,Вятские Поляны,Кировская область,Приволжский,29 742,1596,1942,
201,Гаврилов Посад,Ивановская область,Центральный,5 429,1434,1789,
202,Гаврилов-Ям,Ярославская область,Центральный,16 084,1545,1938,"Гавриловский Ям, Гаврилов-Ямская слобода"
203,Гагарин,Смоленская область,Центральный,26 500,1705,1776,Гжатск (до 1968)
204,Гаджиево,Мурманская область,Северо-Западный,9 297,1957,1981,Ягельная Губа (до 1967);
205,Гай,Оренбургская область,Приволжский,33 280,1959,1979,
206,Галич,Костромская область,Центральный,12 856,1159,1237,Галич Мерьский
207,Гатчина,Ленинградская область,Северо-Западный,94 377,1499,1796,Троцк (с 1923 до 1929);
208,Гвардейск,Калининградская область,Северо-Западный,14 122,1255,1722,Тапиау (до 1946)
209,Гдов,Псковская область,Северо-Западный,3 455,XIV век,1322,
210,Геленджик,Краснодарский край,Южный,80 204,1831,1915,"Торик, Пагры, Ептала"
211,Георгиевск,Ставропольский край,Северо-Кавказский,63 221,1777,1786,
212,Глазов,Удмуртия,Приволжский,87 762,1678,1780,
213,Голицыно,Московская область,Центральный,22 733,1872,2004,
214,Горбатов,Нижегородская область,Приволжский,2 009,XVI век,1779,Горбатое (до 1779)
215,Горно-Алтайск,Алтай,Сибирский,65 342,1830,1928,Улала (до 1932);
216,Горнозаводск,Пермский край,Приволжский,11 073,1947,1965,Новопашийский (до 1965)
217,Горняк,Алтайский край,Сибирский,10 112,1942,1969,Золотуха
218,Городец,Нижегородская область,Приволжский,28 660,1152,1922,
219,Городище,Пензенская область,Приволжский,7 796,1681,1780,
220,Городовиковск,Калмыкия,Южный,8 285,1872,1971,Башанта (до 1971)
221,Гороховец,Владимирская область,Центральный,12 666,1158,1158,
222,Горячий Ключ,Краснодарский край,Южный,40 903,1868,1965,
223,Грайворон,Белгородская область,Центральный,6 179,1678,1838,
224,Гремячинск,Пермский край,Приволжский,8 360,1941,1949,
225,Грозный,Чечня,Северо-Кавказский,328 533,1818,1869,Грозная (до 1869)
226,Грязи,Липецкая область,Центральный,43 908,1868,1938,
227,Грязовец,Вологодская область,Северо-Западный,14 505,1538,1780,"Грязовитский, Грязлевицы"
228,Губаха,Пермский край,Приволжский,23 397,1755,1941,
229,Губкин,Белгородская область,Центральный,85 225,1939,1955,Коробково (до 1939)
230,Губкинский,Ямало-Ненецкий АО,Уральский,33 273,1986,1996,
231,Гудермес,Чечня,Северо-Кавказский,64 376,XIX век,1941,посёлок имени Калинина
232,Гуково,Ростовская область,Южный,60 361,1878,1955,
233,Гулькевичи,Краснодарский край,Южный,33 357,1875,1961,
234,Гурьевск,Калининградская область,Северо-Западный,26 760,1262,1946,Нойхаузен (до 1946)
235,Гурьевск,Кемеровская область,Сибирский,22 134,1816,1938,
236,Гусев,Калининградская область,Северо-Западный,29 234,XVI век,1724,Биссеркемен (до 1550);
237,Гусиноозёрск,Бурятия,Сибирский,24 451,1939,1953,Шахты (до 1953)
238,Гусь-Хрустальный,Владимирская область,Центральный,51 552,1756,1931,Гусь;
239,Давлеканово,Башкортостан,Приволжский,21 834,1730-е,1942,
240,Дагестанские Огни,Дагестан,Северо-Кавказский,31 412,1914,1914,
241,Далматово,Курганская область,Уральский,11 584,1644,1947,Служняя (до 1691);
242,Дальнегорск,Приморский край,Дальневосточный,33 655,1897,1989,Тетюхе (до 1972)
243,Дальнереченск,Приморский край,Дальневосточный,23 613,1859,1917,Иман (до 1972)
244,Данилов,Ярославская область,Центральный,13 677,XV век,1777,Даниловское (до 1777)
245,Данков,Липецкая область,Центральный,19 726,1563,1957,Донков
246,Дегтярск,Свердловская область,Уральский,15 497,1914,1954,
247,Дедовск,Московская область,Центральный,30 731,1911,1940,
248,Демидов,Смоленская область,Центральный,6 326,1499,1776,Поречье (до 1918)
249,Дербент,Дагестан,Северо-Кавказский,124 953,438,1840,Баб-аль-Абваб
250,Десногорск,Смоленская область,Центральный,25 345,1974,1989,
251,Джанкой,Крым,Южный,37 014,1784,1917,
252,Дзержинск,Нижегородская область,Приволжский,218 630,1606,1930,Чёрное (до 1927);
253,Дзержинский,Московская область,Центральный,57 918,1380-е,1981,Угреша
254,Дивногорск,Красноярский край,Сибирский,27 477,1956,1963,Скит
255,Дигора,Северная Осетия,Северо-Кавказский,9 922,1852,1964,Христиановское (до 1934)
256,Димитровград,Ульяновская область,Приволжский,110 968,1698,1926,Мелекесс (до 1972)
257,Дмитриев,Курская область,Центральный,6 317,1779,1779,
258,Дмитров,Московская область,Центральный,65 574,1154,1154,
259,Дмитровск,Орловская область,Центральный,5 202,1711,1782,Дмитровка (до 1782);
260,Дно,Псковская область,Северо-Западный,7 850,1897,1925,Донщина
261,Добрянка,Пермский край,Приволжский,28 782,1623,1943,Домрянка
262,Долгопрудный,Московская область,Центральный,120 907,1931,1957,Дирижаблестрой (до 1938)
263,Долинск,Сахалинская область,Дальневосточный,11 740,1884,1946,Галкино-Врасское (до 1905);
264,Домодедово,Московская область,Центральный,152 404,1900,1947,Никитск
265,Донецк,Ростовская область,Южный,46 623,1681,1951,Гундоровская (до 1951);
266,Донской,Тульская область,Центральный,63 837,1773,1939,Ходырев;
267,Дорогобуж,Смоленская область,Центральный,9 528,1150,XIII век,
268,Дрезна,Московская область,Центральный,12 295,1897,1940,
269,Дубна,Московская область,Центральный,74 183,1956,1956,Иваньково
270,Дубовка,Волгоградская область,Южный,14 779,1732,1803,
271,Дудинка,Красноярский край,Сибирский,19 556,1667,1951,
272,Духовщина,Смоленская область,Центральный,3 990,1675,1777,
273,Дюртюли,Башкортостан,Приволжский,31 185,1795,1989,
274,Дятьково,Брянская область,Центральный,25 255,1626,1938,
275,Евпатория,Крым,Южный,107 877,497 год до н. э.,1784,"Керкинитида, Гезлёв"
276,Егорьевск,Московская область,Центральный,71 686,1462,1778,
277,Ейск,Краснодарский край,Южный,82 943,1848,1848,
278,Екатеринбург,Свердловская область,Уральский,1 544 376,1723,1781,Свердловск (с 1924 до 1991)
279,Елабуга,Татарстан,Приволжский,73 630,XI век,1780,Трёхсвятское
280,Елец,Липецкая область,Центральный,99 875,1146,1778,
281,Елизово,Камчатский край,Дальневосточный,36 240,1848,1975,Старый Острог (до 1879);
282,Ельня,Смоленская область,Центральный,8 332,1150,1776,
283,Еманжелинск,Челябинская область,Уральский,27 632,1931,1951,Еманжелинские угольные копи (до 1951)
284,Емва,Коми,Северо-Западный,10 994,1941,1985,Княж-Погост;
285,Енисейск,Красноярский край,Сибирский,17 537,1619,1676,"Тунгусский острог, Енисейский острог"
286,Ермолино,Калужская область,Центральный,10 809,1601,2008,
287,Ершов,Саратовская область,Приволжский,18 095,1893,1963,
288,Ессентуки,Ставропольский край,Северо-Кавказский,119 658,1825,1917,Ессентукская
289,Ефремов,Тульская область,Центральный,36 545,1637,1777,
290,Железноводск,Ставропольский край,Северо-Кавказский,22 863,1810,1917,
291,Железногорск,Красноярский край,Сибирский,82 723,1950,1954,Почтовый ящик №9 (до 1956);
292,Железногорск,Курская область,Центральный,97 038,1957,1962,Октябрьский (до 1958)
293,Железногорск-Илимский,Иркутская область,Сибирский,21 621,1948,1965,Коршуниха (до 1958);
294,Жердевка,Тамбовская область,Центральный,13 883,1745,1954,Чибизовка (до 1954)
295,Жигулёвск,Самарская область,Приволжский,50 466,1949,1952,
296,Жиздра,Калужская область,Центральный,5 545,1146,1777,
297,Жирновск,Волгоградская область,Южный,15 555,XVIII век,1958,Жирное (до 1954);
298,Жуков,Калужская область,Центральный,16 224,XVII век,1996,Угодский Завод (до 1974);
299,Жуковка,Брянская область,Центральный,17 628,1871,1962,
300,Жуковский,Московская область,Центральный,111 222,1935,1947,Стаханово (до 1947)
301,Завитинск,Амурская область,Дальневосточный,9 615,1906,1954,Завитая (до 1954)
302,Заводоуковск,Тюменская область,Уральский,27 100,1729,1960,Уковская (до 1787);
303,Заволжск,Ивановская область,Центральный,8 896,XIX век,1954,Владычное (до 1934);
304,Заволжье,Нижегородская область,Приволжский,36 763,1947,1964,Пестово
305,Задонск,Липецкая область,Центральный,9 887,1615,1779,
306,Заинск,Татарстан,Приволжский,39 739,1656,1978,
307,Закаменск,Бурятия,Сибирский,11 365,1934,1944,Джидастрой (до 1944);
308,Заозёрный,Красноярский край,Сибирский,10 573,1776,1948,"Троицкоозёрское, Троицко-Заозёрное"
309,Заозёрск,Мурманская область,Северо-Западный,7 762,1958,1958,Заозёрный (до 1981);
310,Западная Двина,Тверская область,Центральный,7 869,1900,1937,
311,Заполярный,Мурманская область,Северо-Западный,14 791,1956,1963,
312,Зарайск,Московская область,Центральный,20 736,1146,1778,
313,Заречный,Пензенская область,Приволжский,58 510,1958,1958,Пенза-19 (до 1992)
314,Заречный,Свердловская область,Уральский,28 112,1955,1992,
315,Заринск,Алтайский край,Сибирский,41 272,1748,1979,"Заринский, Сорокино"
316,Звенигово,Марий Эл,Приволжский,10 994,1860,1974,"Чекуры, Звенижский"
317,Звенигород,Московская область,Центральный,35 842,1152,1781,
318,Зверево,Ростовская область,Южный,19 353,1819,1989,
319,Зеленогорск,Красноярский край,Сибирский,54 279,1956,1956,"Усть-Барга, Заозёрный-13, Красноярск-45"
320,Зеленоградск,Калининградская область,Северо-Западный,16 625,1252,1947,Кранц (до 1946)
321,Зеленодольск,Татарстан,Приволжский,99 137,1865,1932,Кабачищи (до 1897);
322,Зеленокумск,Ставропольский край,Северо-Кавказский,33 187,1781,1965,Воронцово-Александровское (до 1963);
323,Зерноград,Ростовская область,Южный,24 076,1929,1951,Зерновой (до 1960)
324,Зея,Амурская область,Дальневосточный,19 414,1879,1907,Зейский Склад (до 1906);
325,Зима,Иркутская область,Сибирский,30 640,1743,1922,"Мироново, Зиминское"
326,Златоуст,Челябинская область,Уральский,161 774,1754,1865,Златоустовский завод (до 1811)
327,Злынка,Брянская область,Центральный,5 270,1702,1925,
328,Змеиногорск,Алтайский край,Сибирский,9 410,1736,1952,
329,Знаменск,Астраханская область,Южный,24 628,1948,1962,Капустин Яр-1 (до 1993)
330,Зубцов,Тверская область,Центральный,6 217,1216,1216,
331,Зуевка,Кировская область,Приволжский,9 767,1899,1944,
332,Ивангород,Ленинградская область,Северо-Западный,9 861,1492,1954,
333,Иваново,Ивановская область,Центральный,361 644,1561,1871,Иваново-Вознесенск (до 1932)
334,Ивантеевка,Московская область,Центральный,82 827,1564,1938,
335,Ивдель,Свердловская область,Уральский,14 306,1831,1943,Никито-Ивдель
336,Игарка,Красноярский край,Сибирский,3 634,1929,1931,
337,Ижевск,Удмуртия,Приволжский,623 472,1760,1918,Ижевский завод (до 1918);
338,Избербаш,Дагестан,Северо-Кавказский,55 996,1932,1949,
339,Изобильный,Ставропольский край,Северо-Кавказский,38 614,1895,1965,Изобильно-Тищенский (до 1935);
340,Иланский,Красноярский край,Сибирский,15 945,1646,1939,
341,Инза,Ульяновская область,Приволжский,16 293,1897,1946,
342,Иннополис,Татарстан,Приволжский,3 955,2012,2015,
343,Инсар,Мордовия,Приволжский,7 920,1648,1780,
344,Инта,Коми,Северо-Западный,20 271,1940,1954,
345,Ипатово,Ставропольский край,Северо-Кавказский,26 122,1860,1979,Чемрек (до 1880);
346,Ирбит,Свердловская область,Уральский,37 009,1631,1775,
347,Иркутск,Иркутская область,Сибирский,606 369,1661,1686,"Яндашский острог, Иркутский острог"
348,Исилькуль,Омская область,Сибирский,20 515,1895,1945,Исиль-Куль
349,Искитим,Новосибирская область,Сибирский,57 147,1717,1938,
350,Истра,Московская область,Центральный,37 474,1589,1781,Сафатово (до 1636);
351,Ишим,Тюменская область,Уральский,67 614,1687,1782,Коркина слобода (до 1782)
352,Ишимбай,Башкортостан,Приволжский,64 041,1932,1940,
353,Йошкар-Ола,Марий Эл,Приволжский,281 248,1584,1781,Царевококшайск (до 1919);
354,Кадников,Вологодская область,Северо-Западный,4 106,1492,1780,
355,Казань,Татарстан,Приволжский,1 308 660,1005,1005,
356,Калач,Воронежская область,Центральный,17 624,1716,1945,
357,Калач-на-Дону,Волгоградская область,Южный,24 277,1708,1951,Калач (до 1951)
358,Калачинск,Омская область,Сибирский,21 378,1952,1918,"Калачики, Калач"
359,Калининград,Калининградская область,Северо-Западный,490 449,1255,1255,Твангсте (до 1255);
360,Калининск,Саратовская область,Приволжский,14 949,1680,1962,Баланда (до 1962)
361,Калтан,Кемеровская область,Сибирский,21 752,1946,1959,
362,Калуга,Калужская область,Центральный,337 058,1371,1371,
363,Калязин,Тверская область,Центральный,12 621,1434,1775,
364,Камбарка,Удмуртия,Приволжский,10 080,1767,1945,
365,Каменка,Пензенская область,Приволжский,33 491,XVIII век,1951,
366,Каменногорск,Ленинградская область,Северо-Западный,7 160,1597,1940,Антреа (до 1948)
367,Каменск-Уральский,Свердловская область,Уральский,164 192,1682,1935,Железенское поселье (до 1699);
368,Каменск-Шахтинский,Ростовская область,Южный,86 365,1671,1927,Каменская (до 1927);
369,Камень-на-Оби,Алтайский край,Сибирский,32 385,1751,1915,Камень (до 1933)
370,Камешково,Владимирская область,Центральный,12 028,1892,1951,Авдотьино
371,Камызяк,Астраханская область,Южный,16 154,1560,1973,
372,Камышин,Волгоградская область,Южный,107 927,1668,1780,Дмитриевск (до 1780)
373,Камышлов,Свердловская область,Уральский,27 117,1668,1781,"Камышенский острог, Камышевская слобода, Камышловская слобода"
374,Канаш,Чувашия,Приволжский,44 354,1892,1925,Шихраны (до 1925)
375,Кандалакша,Мурманская область,Северо-Западный,29 138,1517,1938,
376,Канск,Красноярский край,Сибирский,86 816,1636,1782,
377,Карабаново,Владимирская область,Центральный,13 150,1630,1938,
378,Карабаш,Челябинская область,Уральский,10 514,1822,1933,Соймановский
379,Карабулак,Ингушетия,Северо-Кавказский,43 037,1859,1995,Карабулакская (до 1962)
380,Карасук,Новосибирская область,Сибирский,24 890,1912,1954,
381,Карачаевск,Карачаево-Черкесия,Северо-Кавказский,23 867,1926,1929,Микоян-Шахар (до 1943);
382,Карачев,Брянская область,Центральный,17 449,1146,1146,Корачев
383,Каргат,Новосибирская область,Сибирский,8 316,XVIII век,1965,
384,Каргополь,Архангельская область,Северо-Западный,8 849,1447,1613,
385,Карпинск,Свердловская область,Уральский,25 879,1759,1941,Богословск (до 1933);
386,Карталы,Челябинская область,Уральский,27 103,1810,1944,"Полтавский, Полтавка"
387,Касимов,Рязанская область,Центральный,28 443,1152,1152,Городец Мещёрский (до 1376);
388,Касли,Челябинская область,Уральский,15 383,1747,1942,Каслинский
389,Каспийск,Дагестан,Северо-Кавказский,121 140,1932,1947,Двигательстрой (до 1947)
390,Катав-Ивановск,Челябинская область,Уральский,14 663,1755,1938,Катав-Ивановский Завод
391,Катайск,Курганская область,Уральский,11 881,1655,1944,
392,Качканар,Свердловская область,Уральский,37 307,1957,1968,
393,Кашин,Тверская область,Центральный,14 113,1238,1238,
394,Кашира,Московская область,Центральный,45 922,1356,1777,
395,Кедровый,Томская область,Сибирский,1 818,1982,1987,
396,Кемерово,Кемеровская область,Сибирский,557 119,1918,1918,Щеглово (до 1918);
397,Кемь,Карелия,Северо-Западный,10 018,XIV век,1785,
398,Керчьне призн.,Крым,Южный,154 621,VII—VI век до н. э.,,"Черкио, Воспоро, Корчев, Боспор, Пантикапей"
399,Кизел,Пермский край,Приволжский,15 619,1750,1926,Кизеловский завод
400,Кизилюрт,Дагестан,Северо-Кавказский,38 335,1927,1963,"Красный, Кизил-Юрт"
401,Кизляр,Дагестан,Северо-Кавказский,49 999,1735,1785,
402,Кимовск,Тульская область,Центральный,26 475,XVII век,1952,Михайловский (до 1948)
403,Кимры,Тверская область,Центральный,40 875,1546,1917,
404,Кингисепп,Ленинградская область,Северо-Западный,49 716,1384,1784,Ям (до 1703);
405,Кинель,Самарская область,Приволжский,36 729,1837,1944,
406,Кинешма,Ивановская область,Центральный,77 694,1429,1504,
407,Киреевск,Тульская область,Центральный,25 560,1762,1956,Киреевка
408,Киренск,Иркутская область,Сибирский,10 998,1630,1775,"Никольский погост, Усть-Киренск"
409,Киржач,Владимирская область,Центральный,27 318,1332,1778,
410,Кириллов,Вологодская область,Северо-Западный,7 149,1397,1776,
411,Кириши,Ленинградская область,Северо-Западный,51 028,1693,1965,"Киреши, Киреш"
412,Киров,Калужская область,Центральный,28 097,1745,1936,Песочня (до 1936)
413,Киров,Кировская область,Приволжский,468 212,1181,1181,Хлынов (до 1780);
414,Кировград,Свердловская область,Уральский,18 698,1661,1932,Калата (до 1936)
415,Кирово-Чепецк,Кировская область,Приволжский,66 651,1935,1955,Усть-Чепца (до 1942);
416,Кировск,Ленинградская область,Северо-Западный,27 238,1931,1953,Невдубрстрой (до 1953)
417,Кировск,Мурманская область,Северо-Западный,24 857,1929,1931,Хибиногорск (до 1934)
418,Кирс,Кировская область,Приволжский,8 982,1729,1965,
419,Кирсанов,Тамбовская область,Центральный,16 164,1702,1779,
420,Киселёвск,Кемеровская область,Сибирский,83 431,1917,1936,
421,Кисловодск,Ставропольский край,Северо-Кавказский,127 521,1803,1903,Кисловодская (до 1903)
422,Клин,Московская область,Центральный,88 511,1317,1781,
423,Клинцы,Брянская область,Центральный,63 059,1707,1925,
424,Княгинино,Нижегородская область,Приволжский,6 447,1569,1998,Княгинин (до 1925)
425,Ковдор,Мурманская область,Северо-Западный,15 770,1953,1965,
426,Ковров,Владимирская область,Центральный,132 417,XII век,1778,
427,Ковылкино,Мордовия,Приволжский,19 793,1892,1960,"Воскресенская Лашма, Лашма, Кашаево, Арапово"
428,Когалым,Ханты-Мансийский АО,Уральский,61 441,1975,1985,Когалымский
429,Кодинск,Красноярский край,Сибирский,13 324,1977,1989,
430,Козельск,Калужская область,Центральный,16 759,XII век,1146,
431,Козловка,Чувашия,Приволжский,7 781,1671,1967,
432,Козьмодемьянск,Марий Эл,Приволжский,19 731,1583,1781,
433,Кола,Мурманская область,Северо-Западный,9 016,1517,1965,
434,Кологрив,Костромская область,Центральный,2 468,XVII век,1778,
435,Коломна,Московская область,Центральный,134 850,1177,1177,
436,Колпашево,Томская область,Сибирский,20 824,XVII век,1938,
437,Колтуши,Ленинградская область,Северо-Западный,14 052,1500,2023,
438,Кольчугино,Владимирская область,Центральный,39 410,1871,1931,
439,Коммунар,Ленинградская область,Северо-Западный,25 793,1843,1993,"Антропшино, Царская Славянка, Павловская Славянка, посёлок при фабрике Роджерса и Пейффера"
440,Комсомольск,Ивановская область,Центральный,8 364,1931,1950,
441,Комсомольск-на-Амуре,Хабаровский край,Дальневосточный,238 505,1860,1932,Пермское
442,Конаково,Тверская область,Центральный,33 560,1806,1937,Кузнецово (до 1929)
443,Кондопога,Карелия,Северо-Западный,25 851,1563,1938,
444,Кондрово,Калужская область,Центральный,15 734,1615,1938,Кондырево (до 1938)
445,Константиновск,Ростовская область,Южный,17 207,1593,1967,Константиновская (до 1941);
446,Копейск,Челябинская область,Уральский,147 806,1907,1933,"Тугайкуль (до 1907),"
447,Кораблино,Рязанская область,Центральный,10 334,1676,1965,Кораблинск
448,Кореновск,Краснодарский край,Южный,41 826,1794,1961,Кореновская (до 1961)
449,Коркино,Челябинская область,Уральский,37 224,1795,1942,"Коркина, Коркинский"
450,Королёв,Московская область,Центральный,228 095,1938,1938,Подлипки (до 1928);
451,Короча,Белгородская область,Центральный,5 623,1637,1638,
452,Корсаков,Сахалинская область,Дальневосточный,33 950,1853,1946,Муравьёвский пост (до 1854);
453,Коряжма,Архангельская область,Северо-Западный,34 523,1535,1985,
454,Костерёво,Владимирская область,Центральный,7 113,1890,1981,
455,Костомукша,Карелия,Северо-Западный,26 048,1977,1983,
456,Кострома,Костромская область,Центральный,267 481,1152,1152,
457,Котельники,Московская область,Центральный,63 728,XVII век,2004,
458,Котельниково,Волгоградская область,Южный,22 016,1897,1955,Котельниковская (до 1929);
459,Котельнич,Кировская область,Приволжский,20 144,1143,1780,Кокшаров
460,Котлас,Архангельская область,Северо-Западный,56 093,1617,1917,Кодлас
461,Котово,Волгоградская область,Южный,21 028,1710-е,1966,
462,Котовск,Тамбовская область,Центральный,26 694,1940,1940,Пороховой Завод (до 1918);
463,Кохма,Ивановская область,Центральный,30 940,1619,1925,
464,Красавино,Вологодская область,Северо-Западный,5 601,1848,1947,
465,Красноармейск,Московская область,Центральный,26 492,1928,1947,Муромцево (до 1928);
466,Красноармейск,Саратовская область,Приволжский,21 350,1765,1918,Голый Карамыш (до 1925);
467,Красновишерск,Пермский край,Приволжский,14 460,1894,1942,Вижаиха (до 1930)
468,Красногорск,Московская область,Центральный,187 634,1932,1940,
469,Краснодар,Краснодарский край,Южный,1 099 344,1793,1867,Екатеринодар (до 1920)
470,Краснозаводск,Московская область,Центральный,14 639,1916,1940,рабочий посёлок завода № 11 (до 1937);
471,Краснознаменск,Калининградская область,Северо-Западный,3 419,1576,1946,Лаздинай (до 1734);
472,Краснознаменск,Московская область,Центральный,43 868,1952,1981,Голицыно-2 (до 1977)
473,Краснокаменск,Забайкальский край,Сибирский,51 137,1967,1969,
474,Краснокамск,Пермский край,Приволжский,48 778,1929,1938,Бумстрой (до 1930)
475,Красноперекопскне призн.,Крым,Южный,25 569,1932,1966,селение при Перекопском бромном заводе (до 1938)
476,Краснослободск,Волгоградская область,Южный,16 545,1870,1955,Букатин (до 1923);
477,Краснослободск,Мордовия,Приволжский,8 910,1571,1706,Красная Слобода (до 1780)
478,Краснотурьинск,Свердловская область,Уральский,55 875,1758,1944,Турьинские рудники (до 1944)
479,Красноуральск,Свердловская область,Уральский,21 507,1925,1931,Богомолстрой (до 1929);
480,Красноуфимск,Свердловская область,Уральский,37 301,1736,1781,
481,Красноярск,Красноярский край,Сибирский,1 205 473,1628,1690,Новокачинский острог (до 1659);
482,Красный Кут,Саратовская область,Приволжский,14 296,1837,1966,
483,Красный Сулин,Ростовская область,Южный,35 697,1797,1926,Сулин (до 1926)
484,Красный Холм,Тверская область,Центральный,4 998,1518,1776,
485,Кремёнки,Калужская область,Центральный,11 745,XVIII век,2004,
486,Кропоткин,Краснодарский край,Южный,75 858,1879,1921,Романовский (до 1921)
487,Крымск,Краснодарский край,Южный,54 597,1862,1958,Крымская (до 1958)
488,Кстово,Нижегородская область,Приволжский,63 646,XIV век,1957,
489,Кубинка,Московская область,Центральный,23 146,XV век,2004,
490,Кувандык,Оренбургская область,Приволжский,26 596,XIX век,1953,
491,Кувшиново,Тверская область,Центральный,9 262,1910,1938,
492,Кудрово,Ленинградская область,Северо-Западный,60 791,1926,2018,
493,Кудымкар,Пермский край,Приволжский,28 293,1579,1938,
494,Кузнецк,Пензенская область,Приволжский,78 390,1699,1780,"Труёво, Труёво-Воскресенское, Нарышкино"
495,Куйбышев,Новосибирская область,Сибирский,41 946,1722,1722,Каинск (до 1935)
496,Кукмор,Татарстан,Приволжский,17 886,1741,2017,Таишевский завод
497,Кулебаки,Нижегородская область,Приволжский,32 184,1677,1932,
498,Кумертау,Башкортостан,Приволжский,57 949,1947,1953,
499,Кунгур,Пермский край,Приволжский,62 673,1663,1781,
500,Купино,Новосибирская область,Сибирский,15 065,1886,1944,Моховое (до 1909)
501,Курган,Курганская область,Уральский,310 911,1679,1782,Царёво Городище (до 1738);
502,Курганинск,Краснодарский край,Южный,47 305,1855,1961,Курганная (до 1961)
503,Курильск,Сахалинская область,Дальневосточный,2 530,XVIII век,1947,Сяна (до 1947)
504,Курлово,Владимирская область,Центральный,6 309,1811,1998,Курловский (до 1998)
505,Куровское,Московская область,Центральный,19 857,1646,1952,
506,Курск,Курская область,Центральный,440 052,1032,1779,
507,Куртамыш,Курганская область,Уральский,14 806,1745,1956,
508,Курчалой,Чечня,Северо-Кавказский,23 425,1860,2019,Чкалово (с 1944 до 1958)
509,Курчатов,Курская область,Центральный,40 318,1968,1983,
510,Куса,Челябинская область,Уральский,17 136,1778,1943,Кусинский завод
511,Кушва,Свердловская область,Уральский,27 306,1735,1925,Кушвинский Завод (до 1926)
512,Кызыл,Тыва,Сибирский,125 241,1914,1914,Белоцарск (до 1918);
513,Кыштым,Челябинская область,Уральский,36 045,1757,1934,"Верхне-Кыштымский завод, Нижне-Кыштымский завод, Кыштымский завод"
514,Кяхта,Бурятия,Сибирский,17 877,1727,1805,Троицкосавск (до 1934)
515,Лабинск,Краснодарский край,Южный,57 428,1841,1947,Лабинская
516,Лабытнанги,Ямало-Ненецкий АО,Уральский,25 501,1890,1975,
517,Лагань,Калмыкия,Южный,13 834,1870,1963,Каспийский (с 1944 до 1991)
518,Ладушкин,Калининградская область,Северо-Западный,3 666,1314,1946,Людвигсорт (до 1946)
519,Лаишево,Татарстан,Приволжский,9 076,1557,2004,Лаишев (до 1926)
520,Лакинск,Владимирская область,Центральный,12 861,XV век,1969,Ундол (до 1922);
521,Лангепас,Ханты-Мансийский АО,Уральский,42 701,1980,1985,
522,Лахденпохья,Карелия,Северо-Западный,5 952,1600,1945,"Якимвара, Якимварская станция (до 1918)"
523,Лебедянь,Липецкая область,Центральный,20 049,1605,1613,
524,Лениногорск,Татарстан,Приволжский,60 993,1795,1955,Новая Письмянка (до 1955)
525,Ленинск,Волгоградская область,Южный,13 391,1802,1963,Пришиб (до 1919)
526,Ленинск-Кузнецкий,Кемеровская область,Сибирский,92 244,1763,1925,Кольчугино (до 1922);
527,Ленск,Якутия,Дальневосточный,21 392,1663,1963,Мухтуя (до 1963)
528,Лермонтов,Ставропольский край,Северо-Кавказский,22 444,1953,1956,населённый пункт рудоуправления № 10 (до 1954);
529,Лесной,Свердловская область,Уральский,48 261,1947,1954,База-9 (до 1954);
530,Лесозаводск,Приморский край,Дальневосточный,35 433,1932,1938,
531,Лесосибирск,Красноярский край,Сибирский,55 730,1975,1975,"Маклаково, Новомаклаково"
532,Ливны,Орловская область,Центральный,43 549,1586,1586,
533,Ликино-Дулёво,Московская область,Центральный,34 191,1930,1937,
534,Липецк,Липецкая область,Центральный,496 403,1703,1779,Липские Заводы (до 1779)
535,Липки,Тульская область,Центральный,8 325,XVII век,1955,
536,Лиски,Воронежская область,Центральный,54 147,XVI век,1937,Новая Покровка (до 1928);
537,Лихославль,Тверская область,Центральный,11 017,1624,1925,
538,Лобня,Московская область,Центральный,82 764,1902,1961,
539,Лодейное Поле,Ленинградская область,Северо-Западный,18 905,1702,1785,
540,Лосино-Петровский,Московская область,Центральный,29 000,1708,1951,Петровская слобода (до 1928)
541,Луга,Ленинградская область,Северо-Западный,38 407,1777,1777,
542,Луза,Кировская область,Приволжский,9 122,1899,1944,
543,Лукоянов,Нижегородская область,Приволжский,12 652,XVI век,1779,
544,Луховицы,Московская область,Центральный,29 889,1594,1957,Глуховичи
545,Лысково,Нижегородская область,Приволжский,21 657,1410,1922,
546,Лысьва,Пермский край,Приволжский,53 855,1785,1926,
547,Лыткарино,Московская область,Центральный,65 212,1429,1957,
548,Льгов,Курская область,Центральный,17 557,1152,1779,Ольгов
549,Любань,Ленинградская область,Северо-Западный,4 565,1499,1917,Любани
550,Люберцы,Московская область,Центральный,224 195,1623,1925,
551,Любим,Ярославская область,Центральный,5 037,1538,1777,
552,Людиново,Калужская область,Центральный,35 874,1626,1938,
553,Лянтор,Ханты-Мансийский АО,Уральский,40 977,1932,1992,"Пим, Лянторский"
554,Магадан,Магаданская область,Дальневосточный,90 757,1929,1939,
555,Магас,Ингушетия,Северо-Кавказский,15 271,1994,2000,
556,Магнитогорск,Челябинская область,Уральский,410 594,1929,1931,Магнитная (до 1929)
557,Майкоп,Адыгея,Южный,143 385,1857,1870,
558,Майский,Кабардино-Балкария,Северо-Кавказский,26 632,XIX век,1965,Пришибская (до 1925)
559,Макаров,Сахалинская область,Дальневосточный,5 848,1892,1946,Селютора (до 1945);
560,Макарьев,Костромская область,Центральный,5 528,1439,1778,Макарьевская слобода
561,Макушино,Курганская область,Уральский,6 827,1797,1963,
562,Малая Вишера,Новгородская область,Северо-Западный,9 996,1843,1921,
563,Малгобек,Ингушетия,Северо-Кавказский,36 480,1934,1939,Вознесенское (до 1934)
564,Малмыж,Кировская область,Приволжский,6 931,XV век,1780,
565,Малоархангельск,Орловская область,Центральный,3 609,XVII век,1778,
566,Малоярославец,Калужская область,Центральный,41 836,1402,1776,
567,Мамадыш,Татарстан,Приволжский,15 726,1391,1781,
568,Мамоново,Калининградская область,Северо-Западный,8 314,1301,1301,Хайлигенбайль (до 1947)
569,Мантурово,Костромская область,Центральный,13 043,1617,1958,
570,Мариинск,Кемеровская область,Сибирский,40 779,1698,1856,Кийское (до 1857)
571,Мариинский Посад,Чувашия,Приволжский,7 851,1620,1856,Сундырь (до 1856)
572,Маркс,Саратовская область,Приволжский,28 749,1765,1918,"Баронск, Екатериненштадт (до 1915);"
573,Махачкала,Дагестан,Северо-Кавказский,623 254,1844,1857,Петровское (до 1857);
574,Мглин,Брянская область,Центральный,6 919,1387,1154,
575,Мегион,Ханты-Мансийский АО,Уральский,52 887,1810,1980,
576,Медвежьегорск,Карелия,Северо-Западный,11 962,1916,1938,Медвежья Гора (до 1938)
577,Медногорск,Оренбургская область,Приволжский,23 693,1933,1939,
578,Медынь,Калужская область,Центральный,8 200,1386,1386,
579,Межгорье,Башкортостан,Приволжский,15 697,1979,1995,"Ильмяш, Татлы, Кузъелга, Уфа-105, Солнечный ,Белорецк-15, Белорецк-16"
580,Междуреченск,Кемеровская область,Сибирский,96 174,1946,1955,Ольжерасс (до 1955)
581,Мезень,Архангельская область,Северо-Западный,2 874,XVI век,1780,
582,Меленки,Владимирская область,Центральный,13 407,XVIII век,1778,
583,Мелеуз,Башкортостан,Приволжский,56 505,1766,1958,
584,Менделеевск,Татарстан,Приволжский,22 875,1868,1967,Бондюжский (до 1928);
585,Мензелинск,Татарстан,Приволжский,16 008,1586,1781,
586,Мещовск,Калужская область,Центральный,3 810,1238,1776,
587,Миасс,Челябинская область,Уральский,147 995,1773,1919,Миясский завод
588,Микунь,Коми,Северо-Западный,8 527,1937,1959,
589,Миллерово,Ростовская область,Южный,34 841,1786,1926,Миллеров-Глубокинский
590,Минеральные Воды,Ставропольский край,Северо-Кавказский,70 485,1878,1922,Султановский (до 1898);
591,Минусинск,Красноярский край,Сибирский,70 089,1739,1822,
592,Миньяр,Челябинская область,Уральский,8 500,1771,1943,
593,Мирный,Якутия,Дальневосточный,34 045,1955,1959,
594,Мирный,Архангельская область,Северо-Западный,27 262,1957,1967,"Ленинград-400, Ленинград-300, Мирный-12"
595,Михайлов,Рязанская область,Центральный,10 303,1137,1551,
596,Михайловка,Волгоградская область,Южный,56 031,1762,1948,
597,Михайловск,Свердловская область,Уральский,9 756,1805,1961,Михайловский (до 1961)
598,Михайловск,Ставропольский край,Северо-Кавказский,114 133,1784,1999,Михайловское (до 1963);
599,Мичуринск,Тамбовская область,Центральный,90 451,1635,1635,Козлов (до 1932)
600,Могоча,Забайкальский край,Сибирский,12 390,1910,1950,
601,Можайск,Московская область,Центральный,33 880,1231,1277,
602,Можга,Удмуртия,Приволжский,44 345,1835,1926,Сюгинский завод (до 1924);
603,Моздок,Северная Осетия,Северо-Кавказский,36 784,1763,1785,
604,Мончегорск,Мурманская область,Северо-Западный,39 962,1937,1937,Монча-Губа
605,Морозовск,Ростовская область,Южный,24 258,1910,1941,Таубевская (до 1917);
606,Моршанск,Тамбовская область,Центральный,39 023,1623,1779,Морша (до 1779)
607,Мосальск,Калужская область,Центральный,4 234,1231,1776,
608,Москва,Москва,Центральный,13 010 112,1147,1147,
609,Муравленко,Ямало-Ненецкий АО,Уральский,29 233,1984,1990,
610,Мураши,Кировская область,Приволжский,5 700,1895,1944,
611,Мурино,Ленинградская область,Северо-Западный,89 083,1676,2019,
612,Мурманск,Мурманская область,Северо-Западный,270 384,1916,1916,Романов-на-Мурмане (до 1917)
613,Муром,Владимирская область,Центральный,107 497,862,862,
614,Мценск,Орловская область,Центральный,36 960,1146,1778,
615,Мыски,Кемеровская область,Сибирский,40 109,1826,1956,Томазак
616,Мытищи,Московская область,Центральный,255 429,1460,1925,
617,Мышкин,Ярославская область,Центральный,5 621,XV век,1991,Мышкино (с 1943 до 1991)
618,Набережные Челны,Татарстан,Приволжский,548 434,1626,1930,Брежнев (с 1982 до 1988)
619,Навашино,Нижегородская область,Приволжский,14 664,1891,1957,Мордовщиково (до 1957)
620,Наволоки,Ивановская область,Центральный,8 167,1775,1938,
621,Надым,Ямало-Ненецкий АО,Уральский,45 973,1597,1972,
622,Назарово,Красноярский край,Сибирский,45 333,1700,1961,Назаровское
623,Назрань,Ингушетия,Северо-Кавказский,122 350,1781,1967,Коста-Хетагурово (с 1944 до 1959)
624,Называевск,Омская область,Сибирский,10 434,1910,1956,Сибирский посад (до 1917);
625,Нальчик,Кабардино-Балкария,Северо-Кавказский,247 054,1724,1921,
626,Нариманов,Астраханская область,Южный,11 104,1963,1984,Нижневолжский (до 1984)
627,Наро-Фоминск,Московская область,Центральный,71 121,1840,1926,
628,Нарткала,Кабардино-Балкария,Северо-Кавказский,33 203,1913,1955,Докшукино (до 1967)
629,Нарьян-Мар,Ненецкий АО,Северо-Западный,23 399,1929,1935,Белощелье
630,Наурская,Чечня,Северо-Кавказский,10 840,1642,2024,
631,Находка,Приморский край,Дальневосточный,139 931,1864,1950,
632,Невель,Псковская область,Северо-Западный,13 980,1562,1773,
633,Невельск,Сахалинская область,Дальневосточный,10 608,1946,1946,Понто-Кэси (до 1905);
634,Невинномысск,Ставропольский край,Северо-Кавказский,117 562,1825,1939,Невинномысская
635,Невьянск,Свердловская область,Уральский,22 061,1701,1919,Невьянский завод
636,Нелидово,Тверская область,Центральный,18 603,1900,1924,
637,Неман,Калининградская область,Северо-Западный,9 255,1277,1722,Рагнит (до 1946)
638,Нерехта,Костромская область,Центральный,19 977,1214,1778,
639,Нерчинск,Забайкальский край,Сибирский,15 290,1653,1689,"Нелюцкий острог, Нерчинский острог"
640,Нерюнгри,Якутия,Дальневосточный,53 409,1975,1975,Нерюнгра
641,Нестеров,Калининградская область,Северо-Западный,3 336,1539,1722,Шталлупёнен (до 1938);
642,Нефтегорск,Самарская область,Приволжский,18 076,1960,1989,
643,Нефтекамск,Башкортостан,Приволжский,131 942,1957,1963,
644,Нефтекумск,Ставропольский край,Северо-Кавказский,23 137,1958,1968,
645,Нефтеюганск,Ханты-Мансийский АО,Уральский,124 732,1961,1967,
646,Нея,Костромская область,Центральный,7 816,1906,1958,
647,Нижневартовск,Ханты-Мансийский АО,Уральский,283 256,1909,1972,
648,Нижнекамск,Татарстан,Приволжский,241 479,1961,1966,
649,Нижнеудинск,Иркутская область,Сибирский,29 995,1648,1783,"Покровский городок, Удинский острожек"
650,Нижние Серги,Свердловская область,Уральский,8 009,1743,1943,
651,Нижний Ломов,Пензенская область,Приволжский,20 421,1636,1780,
652,Нижний Новгород,Нижегородская область,Приволжский,1 204 985,1221,1221,Горький (с 1932 до 1990)
653,Нижний Тагил,Свердловская область,Уральский,338 966,1722,1919,"Тагильский завод, Выйский завод"
654,Нижняя Салда,Свердловская область,Уральский,16 505,1760,1938,
655,Нижняя Тура,Свердловская область,Уральский,18 392,1754,1949,Нижне-Туринский завод;
656,Николаевск,Волгоградская область,Южный,13 460,1747,1967,
657,Николаевск-на-Амуре,Хабаровский край,Дальневосточный,18 631,1850,1856,Николаевск (до 1926)
658,Никольск,Вологодская область,Северо-Западный,7 661,XIV век,1780,Никольский погост (до 1780)
659,Никольск,Пензенская область,Приволжский,19 873,1761,1954,Николо-Пестровка
660,Никольское,Ленинградская область,Северо-Западный,22 355,1710,1990,"Николаевское, Плитная Ломка"
661,Новая Ладога,Ленинградская область,Северо-Западный,7 432,1704,1704,
662,Новая Ляля,Свердловская область,Уральский,10 684,1903,1938,Ляля (до 1903)
663,Новоалександровск,Ставропольский край,Северо-Кавказский,26 767,1804,1971,Новоалександровская (до 1971)
664,Новоалтайск,Алтайский край,Сибирский,73 049,1736,1942,Чесноковка (до 1962)
665,Новоаннинский,Волгоградская область,Южный,15 351,1872,1956,
666,Нововоронеж,Воронежская область,Центральный,30 658,1957,1987,Ново-Грэсовский
667,Новодвинск,Архангельская область,Северо-Западный,33 294,1936,1977,Ворошиловский (до 1957);
668,Новозыбков,Брянская область,Центральный,38 680,1701,1809,Зыбкая (до 1809)
669,Новокубанск,Краснодарский край,Южный,34 000,1867,1966,Хуторок (до 1961)
670,Новокузнецк,Кемеровская область,Сибирский,537 480,1618,1622,Кузнецкий острог (до 1622);
671,Новокуйбышевск,Самарская область,Приволжский,98 306,1946,1952,Липяги
672,Новомичуринск,Рязанская область,Центральный,16 900,1968,1981,
673,Новомосковск,Тульская область,Центральный,119 697,1930,1930,Бобрики (до 1933);
674,Новопавловск,Ставропольский край,Северо-Кавказский,20 781,1777,1981,Новопавловская (до 1981)
675,Новоржев,Псковская область,Северо-Западный,3 222,1777,1777,"Ржева, Ржева Пустая, Аршо"
676,Новороссийск,Краснодарский край,Южный,262 293,1838,1866,
677,Новосибирск,Новосибирская область,Сибирский,1 633 595,1893,1903,Александровский (до 1895);
678,Новосиль,Орловская область,Центральный,2 912,1155,1777,
679,Новосокольники,Псковская область,Северо-Западный,6 895,1901,1925,
680,Новотроицк,Оренбургская область,Приволжский,75 960,1920,1945,Ново-Троицк
681,Новоузенск,Саратовская область,Приволжский,15 216,1760,1835,"Чертанла, Новый Узень"
682,Новоульяновск,Ульяновская область,Приволжский,13 673,1957,1967,Кременки
683,Новоуральск,Свердловская область,Уральский,78 479,1941,1954,Свердловск-44 (до 1994)
684,Новохопёрск,Воронежская область,Центральный,5 948,1710,1779,
685,Новочебоксарск,Чувашия,Приволжский,120 375,1960,1965,Спутник (до 1965)
686,Новочеркасск,Ростовская область,Южный,163 674,1805,1805,
687,Новошахтинск,Ростовская область,Южный,103 480,1910,1939,
688,Новый Оскол,Белгородская область,Центральный,18 359,1637,1647,Царёв-Алексеев (до 1655)
689,Новый Уренгой,Ямало-Ненецкий АО,Уральский,107 251,1975,1980,
690,Ногинск,Московская область,Центральный,103 891,1389,1781,Рогож (до 1781);
691,Нолинск,Кировская область,Приволжский,8 262,1668,1780,Молотовск (с 1940 по 1957)
692,Норильск,Красноярский край,Сибирский,174 453,1935,1953,
693,Ноябрьск,Ямало-Ненецкий АО,Уральский,100 188,1976,1982,Ноябрьский (до 1979)
694,Нурлат,Татарстан,Приволжский,33 990,1905,1961,Нурлат-Октябрьский
695,Нытва,Пермский край,Приволжский,16 675,1756,1942,
696,Нюрба,Якутия,Дальневосточный,10 138,1824,1997,
697,Нягань,Ханты-Мансийский АО,Уральский,63 034,1965,1985,Нях (до 1985)
698,Нязепетровск,Челябинская область,Уральский,10 379,1747,1944,"Нязе-Петровский завод, Нязе-Петровск"
699,Няндома,Архангельская область,Северо-Западный,18 473,1898,1939,
700,Облучье,Еврейская АО,Дальневосточный,7 959,1911,1915,Сололи (до 1915)
701,Обнинск,Калужская область,Центральный,125 376,1946,1956,
702,Обоянь,Курская область,Центральный,11 844,1639,1779,
703,Обь,Новосибирская область,Сибирский,30 369,1934,1969,
704,Одинцово,Московская область,Центральный,180 530,1470,1957,
705,Озёрск,Калининградская область,Северо-Западный,4 152,1539,1726,Даркемен (до 1938);
706,Озёрск,Челябинская область,Уральский,76 896,1945,1954,База-10 (до 1954);
707,Озёры,Московская область,Центральный,24 359,1834,1925,Озерки
708,Ойсхара,Чечня,Северо-Кавказский,19 415,1732,2024,"Ойсунгур (до 1944),;"
709,Октябрьск,Самарская область,Приволжский,20 703,1684,1956,Батраки
710,Октябрьский,Башкортостан,Приволжский,115 557,1937,1946,Соцгород (до 1946)
711,Окуловка,Новгородская область,Северо-Западный,9 949,1851,1965,
712,Олёкминск,Якутия,Дальневосточный,8 398,1635,1783,
713,Оленегорск,Мурманская область,Северо-Западный,21 438,1949,1957,Оленья (до 1957)
714,Олонец,Карелия,Северо-Западный,7 663,1137,1649,
715,Омск,Омская область,Сибирский,1 125 695,1716,1782,"Омский острог, Омская крепость"
716,Омутнинск,Кировская область,Приволжский,19 629,1773,1921,"Осокино, Омутная"
717,Онега,Архангельская область,Северо-Западный,16 947,1137,1780,Устье Онежское (до 1780);
718,Опочка,Псковская область,Северо-Западный,9 928,1414,1412,
719,Орёл,Орловская область,Центральный,303 169,1566,1566,
720,Оренбург,Оренбургская область,Приволжский,543 654,1743,1743,Чкалов (с 1938 по 1957)
721,Орехово-Зуево,Московская область,Центральный,105 745,1917,1917,
722,Орлов,Кировская область,Приволжский,5 508,1459,1780,Халтурин (с 1923 по 1992)
723,Орск,Оренбургская область,Приволжский,189 195,1735,1865,Оренбург ( с 1735 до 1741)
724,Оса,Пермский край,Приволжский,19 523,1591,1737,
725,Осинники,Кемеровская область,Сибирский,40 367,1926,1938,Осиновка
726,Осташков,Тверская область,Центральный,16 674,XIV век,1770,Кличен
727,Остров,Псковская область,Северо-Западный,20 923,1341,1341,
728,Островной,Мурманская область,Северо-Западный,1 487,1611,1981,Йоканьгский погост (до 1920);
729,Острогожск,Воронежская область,Центральный,31 699,1652,1765,
730,Отрадное,Ленинградская область,Северо-Западный,25 706,1708,1970,"Ивановское, Медное, Пелла"
731,Отрадный,Самарская область,Приволжский,46 984,1920-е,1956,
732,Оха,Сахалинская область,Дальневосточный,20 357,1908,1938,Охэ
733,Оханск,Пермский край,Приволжский,6 430,1547,1781,
734,Очёр,Пермский край,Приволжский,14 385,1759,1950,
735,Павлово,Нижегородская область,Приволжский,57 116,1566,1922,Павлов Острог
736,Павловск,Воронежская область,Центральный,22 384,1709,1779,Осеред (до 1711)
737,Павловский Посад,Московская область,Центральный,65 098,1328,1844,Павлово (до 1844)
738,Палласовка,Волгоградская область,Южный,14 966,1907,1967,
739,Партизанск,Приморский край,Дальневосточный,33 832,1896,1932,Сучанский Рудник (до 1932);
740,Певек,Чукотский АО,Дальневосточный,4 015,1933,1967,
741,Пенза,Пензенская область,Приволжский,501 109,1663,1663,
742,Первомайск,Нижегородская область,Приволжский,13 223,XIX век,1951,Ташино (1951)
743,Первоуральск,Свердловская область,Уральский,114 450,1732,1933,Васильевско-Шайтанский (до 1920)
744,Перевоз,Нижегородская область,Приволжский,8 999,1593,2001,
745,Пересвет,Московская область,Центральный,11 752,1948,2000,Новостройка (до 2000)
746,Переславль-Залесский,Ярославская область,Центральный,37 738,1152,1152,Переяславль
747,Пермь,Пермский край,Приволжский,1 034 002,1723,1781,Егошихинский починок (до 1723);
748,Пестово,Новгородская область,Северо-Западный,14 032,1918,1965,
749,Петров Вал,Волгоградская область,Южный,12 526,1942,1988,
750,Петровск,Саратовская область,Приволжский,26 319,1698,1780,
751,Петровск-Забайкальский,Забайкальский край,Сибирский,15 015,1789,1926,Петровский Завод (до 1926)
752,Петрозаводск,Карелия,Северо-Западный,234 897,1703,1777,Шуйский Завод (с 1703 до 1704);
753,Петропавловск-Камчатский,Камчатский край,Дальневосточный,164 900,1740,1812,Петропавловская гавань (до 1849);
754,Петухово,Курганская область,Уральский,8 502,1779,1944,Юдино (до 1944)
755,Петушки,Владимирская область,Центральный,13 317,1861,1965,Новые Петушки
756,Печора,Коми,Северо-Западный,35 254,1940,1949,
757,Печоры,Псковская область,Северо-Западный,10 247,1473,1782,Печеры (до 1920);
758,Пикалёво,Ленинградская область,Северо-Западный,20 388,1620,1954,
759,Пионерский,Калининградская область,Северо-Западный,12 794,1254,1952,Нойкурен (до 1946)
760,Питкяранта,Карелия,Северо-Западный,8 340,XIX век,1940,"Деревня на Долгом берегу, Питкерандо"
761,Плавск,Тульская область,Центральный,16 893,1563,1949,Сергиевское (до 1926)
762,Пласт,Челябинская область,Уральский,18 379,1845,1940,Екатеринбургский сельсовет (1919—1931)
763,Плёс,Ивановская область,Центральный,1 896,1410,1925,
764,Поворино,Воронежская область,Центральный,16 417,1870,1954,
765,Подольск,Московская область,Центральный,314 934,1559,1781,
766,Подпорожье,Ленинградская область,Северо-Западный,16 123,1936,1956,
767,Покачи,Ханты-Мансийский АО,Уральский,16 040,1984,1992,
768,Покров,Владимирская область,Центральный,17 747,1506,1778,
769,Покровск,Якутия,Дальневосточный,12 021,1682,1997,
770,Полевской,Свердловская область,Уральский,55 182,1718,1942,Полевской завод
771,Полесск,Калининградская область,Северо-Западный,6 926,1258,1642,Лабиау (до 1946)
772,Полысаево,Кемеровская область,Сибирский,25 631,1952,1989,
773,Полярные Зори,Мурманская область,Северо-Западный,14 146,1968,1991,
774,Полярный,Мурманская область,Северо-Западный,12 293,1896,1939,Александровск (до 1931);
775,Поронайск,Сахалинская область,Дальневосточный,16 026,1869,1946,Тихменевский (до 1905);
776,Порхов,Псковская область,Северо-Западный,7 309,1239,1239,
777,Похвистнево,Самарская область,Приволжский,27 333,1888,1947,
778,Почеп,Брянская область,Центральный,14 991,1447,1925,
779,Починок,Смоленская область,Центральный,7 575,1868,1926,
780,Пошехонье,Ярославская область,Центральный,5 150,1680,1777,Пертома (до 1777);
781,Правдинск,Калининградская область,Северо-Западный,3 986,1312,1335,Фридланд (до 1946)
782,Приволжск,Ивановская область,Центральный,14 332,1484,1938,Яковлевское (до 1924);
783,Приморск,Калининградская область,Северо-Западный,1 436,1268,2008,Фишхаузен (до 1946)
784,Приморск,Ленинградская область,Северо-Западный,6 537,1268,1940,Берёзовское (до 1323);
785,Приморско-Ахтарск,Краснодарский край,Южный,31 087,1854,1949,"Ахтарский, Приморско-Ахтарская"
786,Приозерск,Ленинградская область,Северо-Западный,18 777,XII век,1310,"Корела (до 1580, с 1595 до 1611);"
787,Прокопьевск,Кемеровская область,Сибирский,177 819,1650,1931,Монастырское
788,Пролетарск,Ростовская область,Южный,18 983,XVII век,1970,Великокняжеская (до 1925);
789,Протвино,Московская область,Центральный,37 735,1960,1989,Серпухов-7
790,Прохладный,Кабардино-Балкария,Северо-Кавказский,59 938,1765,1937,Прохладная (до 1937)
791,Псков,Псковская область,Северо-Западный,193 082,903,903,Плесков
792,Пугачёв,Саратовская область,Приволжский,40 127,1764,1835,Николаевск (до 1918)
793,Пудож,Карелия,Северо-Западный,7 356,1382,1785,
794,Пустошка,Псковская область,Северо-Западный,4 070,1901,1925,
795,Пучеж,Ивановская область,Центральный,6 879,1594,1793,
796,Пушкино,Московская область,Центральный,110 868,1499,1925,
797,Пущино,Московская область,Центральный,19 578,1956,1966,
798,Пыталово,Псковская область,Северо-Западный,5 263,1782,1933,Яунлатгале (с 1925 до 1938);
799,Пыть-Ях,Ханты-Мансийский АО,Уральский,40 180,1968,1990,
800,Пятигорск,Ставропольский край,Северо-Кавказский,146 473,1780,1830,"Горячие Воды, Константиногорск"
801,Радужный,Владимирская область,Центральный,17 569,1971,1991,Владимир-30
802,Радужный,Ханты-Мансийский АО,Уральский,43 577,1973,1985,
803,Райчихинск,Амурская область,Дальневосточный,15 797,1932,1944,Райчиха
804,Раменское,Московская область,Центральный,114 537,1328,1926,Раменье
805,Рассказово,Тамбовская область,Центральный,47 644,1698,1926,
806,Ревда,Свердловская область,Уральский,60 200,1734,1935,
807,Реж,Свердловская область,Уральский,36 585,1773,1943,
808,Реутов,Московская область,Центральный,113 871,1573,1940,Реутово (до 1940)
809,Ржев,Тверская область,Центральный,55 757,1216,1216,"Ржева Володимирова, Ржевка, Ржов"
810,Родники,Ивановская область,Центральный,24 101,1606,1918,
811,Рославль,Смоленская область,Центральный,45 416,1137,1755,Ростиславль
812,Россошь,Воронежская область,Центральный,60 879,XVII век,1923,
813,Ростов-на-Дону,Ростовская область,Южный,1 142 162,1749,1807,"Темерницкая таможня, Темерницкое городище"
814,Ростов,Ярославская область,Центральный,28 122,862,862,
815,Рошаль,Московская область,Центральный,21 401,1916,1940,Крестов Брод (до 1917)
816,Ртищево,Саратовская область,Приволжский,37 850,1666,1925,Покровское (до 1723)
817,Рубцовск,Алтайский край,Сибирский,126 834,1892,1927,Рубцово (до 1922)
818,Рудня,Смоленская область,Центральный,8 908,1363,1926,
819,Руза,Московская область,Центральный,16 014,1328,1781,
820,Рузаевка,Мордовия,Приволжский,42 989,1631,1973,
821,Рыбинск,Ярославская область,Центральный,177 295,1071,1777,Усть-Шексна (до 1504);
822,Рыбное,Рязанская область,Центральный,21 069,1597,1961,
823,Рыльск,Курская область,Центральный,15 069,1152,XII век,
824,Ряжск,Рязанская область,Центральный,20 634,1502,1778,Рясское Поле
825,Рязань,Рязанская область,Центральный,528 599,1095,1095,Переяславль-Рязанский (до 1778)
826,Сакине призн.,Крым,Южный,24 285,1952,1952,Сак
827,Салават,Башкортостан,Приволжский,148 575,1948,1954,Новострой
828,Салаир,Кемеровская область,Сибирский,7 088,1626,1941,
829,Салехард,Ямало-Ненецкий АО,Уральский,47 910,1595,1938,Обдорск (до 1933)
830,Сальск,Ростовская область,Южный,57 937,1812,1926,Торговая (до 1918);
831,Самара,Самарская область,Приволжский,1 173 299,1586,1688,Куйбышев (с 1935 по 1991)
832,Санкт-Петербург,Санкт-Петербург,Северо-Западный,5 601 911,1703,1703,Петроград (с 1914 до 1924);
833,Саранск,Мордовия,Приволжский,314 871,1641,1780,Саранский Острожек
834,Сарапул,Удмуртия,Приволжский,91 115,1621,1780,Вознесенское (до 1707)
835,Саратов,Саратовская область,Приволжский,901 361,1590,1590,
836,Саров,Нижегородская область,Приволжский,93 357,1691,1954,Арзамас-75 (до 1966);
837,Сасово,Рязанская область,Центральный,21 628,1642,1926,
838,Сатка,Челябинская область,Уральский,42 597,1758,1758,
839,Сафоново,Смоленская область,Центральный,38 403,1859,1952,
840,Саяногорск,Хакасия,Сибирский,44 872,1830,1975,Означенное (до 1975)
841,Саянск,Иркутская область,Сибирский,35 561,1970,1985,
842,Светлогорск,Калининградская область,Северо-Западный,16 207,1258,1947,Раушен (до 1947)
843,Светлоград,Ставропольский край,Северо-Кавказский,35 703,1786,1965,Петровское (до 1965)
844,Светлый,Калининградская область,Северо-Западный,21 114,1640,1955,Циммербуде (до 1947)
845,Светогорск,Ленинградская область,Северо-Западный,13 784,1887,1949,Энсо (до 1949)
846,Свирск,Иркутская область,Сибирский,15 485,XIX век,1949,"Заимка Черниговская, Свирская, Свирское"
847,Свободный,Амурская область,Дальневосточный,48 517,1912,1912,Алексеевск (до 1917)
848,Себеж,Псковская область,Северо-Западный,6 246,1414,1772,
849,Севастопольне призн.,Севастополь,Южный,547 820,1783,1783,Акъяр (до 1783);
850,Северо-Курильск,Сахалинская область,Дальневосточный,2 374,1875,1946,Касивабара (до 1946)
851,Северобайкальск,Бурятия,Сибирский,24 233,1974,1980,
852,Северодвинск,Архангельская область,Северо-Западный,157 213,1936,1938,Судострой (до 1938);
853,Североморск,Мурманская область,Северо-Западный,43 327,1896,1951,Ваенга (до 1951)
854,Североуральск,Свердловская область,Уральский,24 428,1758,1944,Петропавловский (до 1944)
855,Северск,Томская область,Сибирский,106 648,1949,1954,"Почтовый ящик N° 5, Берёзки, Томск-7"
856,Севск,Брянская область,Центральный,6 732,1146,1146,
857,Сегежа,Карелия,Северо-Западный,23 543,1914,1943,
858,Сельцо,Брянская область,Центральный,15 906,1870-е,1990,
859,Семёнов,Нижегородская область,Приволжский,25 075,1644,1779,
860,Семикаракорск,Ростовская область,Южный,21 719,1672,1972,"Семикаракорская, Семикаракоры"
861,Семилуки,Воронежская область,Центральный,27 938,1615,1954,
862,Сенгилей,Ульяновская область,Приволжский,6 407,1666,1943,Покровское (до 1780)
863,Серафимович,Волгоградская область,Южный,8 633,1589,1933,Усть-Медведицкая (до 1933)
864,Сергач,Нижегородская область,Приволжский,20 256,1649,1779,
865,Сергиев Посад,Московская область,Центральный,101 756,1337,1919,Сергиев (до 1930);
866,Сердобск,Пензенская область,Приволжский,30 220,1698,1780,
867,Серноводское,Чечня,Северо-Кавказский,12 583,1846,2024,Михайловская (до 1922);
868,Серов,Свердловская область,Уральский,94 211,1893,1919,"Надеждинск (до 1943, с 1937 до 1939);"
869,Серпухов,Московская область,Центральный,133 793,1339,1374,
870,Сертолово,Ленинградская область,Северо-Западный,68 241,1936,1988,"Сиротала, Сертолла, Серталово, Серполово"
871,Сибай,Башкортостан,Приволжский,56 514,1925,1955,Сибаевский рудник
872,Сим,Челябинская область,Уральский,12 858,1759,1942,Симский завод (до 1928)
873,Симферопольне призн.,Крым,Южный,340 540,1784,1784,
874,Сковородино,Амурская область,Дальневосточный,7 057,1908,1927,Змеиный (до 1909);
875,Скопин,Рязанская область,Центральный,25 238,1676,1778,
876,Славгород,Алтайский край,Сибирский,27 900,1910,1914,
877,Славск,Калининградская область,Северо-Западный,4 153,1292,1946,Хайнрихсвальде (до 1947)
878,Славянск-на-Кубани,Краснодарский край,Южный,62 985,1865,1958,"Ло-Копа, Ени-Копыл, Славянская"
879,Сланцы,Ленинградская область,Северо-Западный,34 628,1934,1949,
880,Слободской,Кировская область,Приволжский,29 148,1505,1780,
881,Слюдянка,Иркутская область,Сибирский,18 058,1899,1936,
882,Смоленск,Смоленская область,Центральный,316 570,863,863,
883,Снежинск,Челябинская область,Уральский,50 619,1955,1957,Жилой посёлок № 2 (до 1957);
884,Снежногорск,Мурманская область,Северо-Западный,9 942,1970,1980,Вьюжный (до 1980);
885,Собинка,Владимирская область,Центральный,17 444,1858,1939,
886,Советск,Калининградская область,Северо-Западный,38 910,1288,1552,Тильзит (до 1946)
887,Советск,Кировская область,Приволжский,14 626,XII век,1937,Кукарка (до 1918)
888,Советск,Тульская область,Центральный,7 889,1949,1954,Никольское
889,Советская Гавань,Хабаровский край,Дальневосточный,24 231,1853,1941,Константиновский пост (до 1856);
890,Советский,Ханты-Мансийский АО,Уральский,31 138,1963,1996,
891,Сокол,Вологодская область,Северо-Западный,34 742,1615,1932,Соколово
892,Солигалич,Костромская область,Центральный,5 534,1335,1778,Соль Галичьская
893,Соликамск,Пермский край,Приволжский,89 473,1430,1573,"Соль Камская, Усолье Камское"
894,Солнечногорск,Московская область,Центральный,48 413,XVIII век,1938,Солнечная Гора (до 1928);
895,Соль-Илецк,Оренбургская область,Приволжский,26 149,1754,1865,Илецк (до 1926);
896,Сольвычегодск,Архангельская область,Северо-Западный,1 952,1492,1708,"Усолье, Усольск, Соль-Вычегодская"
897,Сольцы,Новгородская область,Северо-Западный,8 449,1390,1914,
898,Сорочинск,Оренбургская область,Приволжский,28 478,1737,1945,
899,Сорск,Хакасия,Сибирский,10 124,1940,1966,Сора (до 1966)
900,Сортавала,Карелия,Северо-Западный,14 867,1468,1783,Сердоболь (до 1918)
901,Сосенский,Калужская область,Центральный,11 413,1952,1991,"Ленинский, Шепелевский"
902,Сосновка,Кировская область,Приволжский,8 428,1699,1962,
903,Сосновоборск,Красноярский край,Сибирский,40 442,1971,1985,
904,Сосновый Бор,Ленинградская область,Северо-Западный,65 367,1958,1973,
905,Сосногорск,Коми,Северо-Западный,22 189,1939,1955,Ижма (до 1957)
906,Сочи,Краснодарский край,Южный,466 078,1838,1917,
907,Спас-Деменск,Калужская область,Центральный,4 569,1446,1917,
908,Спас-Клепики,Рязанская область,Центральный,4 743,XVI век,1920,"Клепиково, Спасское"
909,Спасск,Пензенская область,Приволжский,6 936,XVII век,1779,Богданово (до 1673);
910,Спасск-Дальний,Приморский край,Дальневосточный,35 732,1886,1917,Спасское (до 1917);
911,Спасск-Рязанский,Рязанская область,Центральный,5 796,1629,1778,Спасск (до 1929)
912,Среднеколымск,Якутия,Дальневосточный,3 131,1643,1775,"Ярмонга, Ярманка"
913,Среднеуральск,Свердловская область,Уральский,23 344,1931,1966,Посёлок СУГРЭС
914,Сретенск,Забайкальский край,Сибирский,6 093,1689,1926,
915,Ставрополь,Ставропольский край,Северо-Кавказский,547 443,1777,1785,Ставрополь-Кавказский (до 1935);
916,Старая Купавна,Московская область,Центральный,22 898,XIV век,2004,
917,Старая Русса,Новгородская область,Северо-Западный,27 487,1167,1167,Руса
918,Старица,Тверская область,Центральный,6 938,1297,1297,"Городок, Городеск"
919,Стародуб,Брянская область,Центральный,17 687,1080,1080,
920,Старый Крымне призн.,Крым,Южный,10 470,XIII век,XIII век,"Кырым, Солхат, Левкополь"
921,Старый Оскол,Белгородская область,Центральный,221 676,1593,1593,Оскол (до 1655)
922,Стерлитамак,Башкортостан,Приволжский,277 410,1766,1782,
923,Стрежевой,Томская область,Сибирский,39 169,1966,1978,
924,Строитель,Белгородская область,Центральный,23 780,1958,2000,
925,Струнино,Владимирская область,Центральный,11 774,1492,1938,
926,Ступино,Московская область,Центральный,64 412,1938,1938,Электровоз (до 1938)
927,Суворов,Тульская область,Центральный,17 598,1949,1954,Суворовский (до 1954)
928,Судакне призн.,Крым,Южный,17 834,212,,"Солдая, Сугдея, Сидагиос, Сурож"
929,Суджа,Курская область,Центральный,5 127,XVI век,1664,
930,Судогда,Владимирская область,Центральный,10 408,1552,1778,
931,Суздаль,Владимирская область,Центральный,9 286,999,999,
932,Сунжа,Ингушетия,Северо-Кавказский,62 078,1845,2016,Сунженская (до 1852);
933,Суоярви,Карелия,Северо-Западный,7 190,XVI век,1940,Шуезерск
934,Сураж,Брянская область,Центральный,11 176,XVII век,1781,Суражичи (до 1781)
935,Сургут,Ханты-Мансийский АО,Уральский,396 443,1594,1965,
936,Суровикино,Волгоградская область,Южный,18 227,1744,1966,
937,Сурск,Пензенская область,Приволжский,6 034,1849,1953,Никольский Хутор (до 1953)
938,Сусуман,Магаданская область,Дальневосточный,4 439,1938,1964,
939,Сухиничи,Калужская область,Центральный,14 806,XVIII век,1840,
940,Сухой Лог,Свердловская область,Уральский,32 748,1710,1943,
941,Сызрань,Самарская область,Приволжский,165 725,1683,1796,
942,Сыктывкар,Коми,Северо-Западный,220 580,1780,1780,Усть-Сысольск (до 1930)
943,Сысерть,Свердловская область,Уральский,20 634,1732,1946,
944,Сычёвка,Смоленская область,Центральный,7 544,1488,1776,
945,Сясьстрой,Ленинградская область,Северо-Западный,12 566,1926,1992,Сясьские Рядки
946,Тавда,Свердловская область,Уральский,32 749,1910,1937,"Посёлок суконной фабрики Ушкова, Каратуновка"
947,Таганрог,Ростовская область,Южный,245 120,1698,1775,
948,Тайга,Кемеровская область,Сибирский,22 375,1896,1911,
949,Тайшет,Иркутская область,Сибирский,34 491,1897,1938,
950,Талдом,Московская область,Центральный,17 317,1677,1918,Ленинск (с 1918 до 1931)
951,Талица,Свердловская область,Уральский,14 808,1732,1942,
952,Тамбов,Тамбовская область,Центральный,261 803,1636,1719,Танбов
953,Тара,Омская область,Сибирский,26 878,1594,1594,
954,Тарко-Сале,Ямало-Ненецкий АО,Уральский,19 900,1932,2004,
955,Таруса,Калужская область,Центральный,9 918,1246,1776,
956,Татарск,Новосибирская область,Сибирский,23 711,1894,1911,
957,Таштагол,Кемеровская область,Сибирский,21 980,1939,1963,
958,Тверь,Тверская область,Центральный,416 219,1135,1139,Калинин (с 1932 до 1990)
959,Теберда,Карачаево-Черкесия,Северо-Кавказский,9 020,1868,1971,
960,Тейково,Ивановская область,Центральный,31 305,XVII век,1918,
961,Тельмана,Ленинградская область,Северо-Западный,23 986,1792,2024,Колпинская колония
962,Темников,Мордовия,Приволжский,6 451,XII век,1536,
963,Темрюк,Краснодарский край,Южный,41 608,1860,1860,
964,Терек,Кабардино-Балкария,Северо-Кавказский,19 948,1876,1967,Муртазово (до 1920)
965,Тетюши,Татарстан,Приволжский,10 535,1578,1781,
966,Тимашёвск,Краснодарский край,Южный,51 858,1794,1966,
967,Тихвин,Ленинградская область,Северо-Западный,55 415,1383,1773,
968,Тихорецк,Краснодарский край,Южный,55 686,1895,1926,Тихорецкий
969,Тобольск,Тюменская область,Уральский,100 352,1587,1590,"Тоболеск-Ладейный, Тоболеск"
970,Тогучин,Новосибирская область,Сибирский,20 766,1867,1945,
971,Тольятти,Самарская область,Приволжский,684 709,1737,1780,Ставрополь (до 1964)
972,Томари,Сахалинская область,Дальневосточный,4 313,1870,1946,Томариору (до 1946)
973,Томмот,Якутия,Дальневосточный,6 440,1923,1923,
974,Томск,Томская область,Сибирский,556 478,1604,1604,
975,Топки,Кемеровская область,Сибирский,27 158,1914,1933,
976,Торжок,Тверская область,Центральный,41 116,IX—X века,1135,Новый Торг
977,Торопец,Тверская область,Центральный,11 441,1074,1074,
978,Тосно,Ленинградская область,Северо-Западный,34 066,1500,1963,"Тосна, Ям-Тосна"
979,Тотьма,Вологодская область,Северо-Западный,8 669,1137,1780,"Соль Тотемская, Усолье Тотемское"
980,Трёхгорный,Челябинская область,Уральский,32 463,1952,1955,"Златоуст-20, Златоуст-36"
981,Троицк,Челябинская область,Уральский,70 301,1743,1784,
982,Трубчевск,Брянская область,Центральный,13 287,975,975,"Трубеч, Трубецк"
983,Туапсе,Краснодарский край,Южный,61 571,1838,1916,"Вельяминовская, Вельяминовка"
984,Туймазы,Башкортостан,Приволжский,68 349,1912,1960,Туймаза
985,Тула,Тульская область,Центральный,473 622,1146,1146,
986,Тулун,Иркутская область,Сибирский,38 440,1735,1927,
987,Туран,Тыва,Сибирский,5 044,1885,1945,
988,Туринск,Свердловская область,Уральский,16 561,1600,1600,Епанчин
989,Тутаев,Ярославская область,Центральный,39 643,XIII век,1822,Романов-Борисоглебск (до 1918)
990,Тында,Амурская область,Дальневосточный,28 625,1907,1975,Тындинское (до 1937);
991,Тырныауз,Кабардино-Балкария,Северо-Кавказский,22 056,1934,1955,Гирхожан (до 1937);
992,Тюкалинск,Омская область,Сибирский,9 894,1759,1823,Тюкала
993,Тюмень,Тюменская область,Уральский,847 488,1586,1586,Чинги-Тура
994,Уварово,Тамбовская область,Центральный,23 584,1699,1966,
995,Углегорск,Сахалинская область,Дальневосточный,8 041,XX век,1946,Эсутору (до 1946)
996,Углич,Ярославская область,Центральный,32 719,1148,1148,
997,Удачный,Якутия,Дальневосточный,12 930,1967,1987,
998,Удомля,Тверская область,Центральный,25 950,1478,1981,
999,Ужур,Красноярский край,Сибирский,14 134,1760,1953,Усул
1000,Узловая,Тульская область,Центральный,49 427,1873,1938,Хрущёвская (до 1877)
1001,Улан-Удэ,Бурятия,Сибирский,437 565,1666,1690,Удинское зимовье (до 1680);
1002,Ульяновск,Ульяновская область,Приволжский,617 352,1648,1648,Синбирск (до 1780);
1003,Унеча,Брянская область,Центральный,24 274,1887,1940,
1004,Урай,Ханты-Мансийский АО,Уральский,41 315,1922,1965,
1005,Урень,Нижегородская область,Приволжский,12 450,1719,1973,Трёхсвятское
1006,Уржум,Кировская область,Приволжский,8 448,1584,1796,
1007,Урус-Мартан,Чечня,Северо-Кавказский,63 449,XVIII век,1990,Красноармейское (с 1944 до 1958)
1008,Урюпинск,Волгоградская область,Южный,36 669,1618,1929,Урюпинская (до 1929)
1009,Усинск,Коми,Северо-Западный,32 182,1966,1984,
1010,Усмань,Липецкая область,Центральный,19 662,1645,1779,
1011,Усолье-Сибирское,Иркутская область,Сибирский,74 762,1669,1925,Усолье (до 1940)
1012,Усолье,Пермский край,Приволжский,6 619,1606,1940,
1013,Уссурийск,Приморский край,Дальневосточный,180 393,1866,1898,Никольск (до 1926);
1014,Усть-Джегута,Карачаево-Черкесия,Северо-Кавказский,31 137,1868,1975,Усть-Джегутинская (до 1975)
1015,Усть-Илимск,Иркутская область,Сибирский,79 570,1966,1973,Усть-Илим (до 1973)
1016,Усть-Катав,Челябинская область,Уральский,21 439,1758,1942,Усть-Катавский завод
1017,Усть-Кут,Иркутская область,Сибирский,36 918,1631,1954,"Усть-Кутский острог, Усть-Кутское"
1018,Усть-Лабинск,Краснодарский край,Южный,40 158,1794,1958,Усть-Лабинская (до 1958)
1019,Устюжна,Вологодская область,Северо-Западный,7 843,1252,1252,
1020,Уфа,Башкортостан,Приволжский,1 144 809,1574,1586,
1021,Ухта,Коми,Северо-Западный,79 899,1929,1943,
1022,Учалы,Башкортостан,Приволжский,36 175,сер. XVIII века,1963,
1023,Уяр,Красноярский край,Сибирский,12 036,1760,1944,Клюквенная
1024,Фатеж,Курская область,Центральный,4 691,XVI век,1779,
1025,Феодосияне призн.,Крым,Южный,66 293,VI век до н. э.,,"Кефе, Кафа"
1026,Фокино,Брянская область,Центральный,12 538,1899,1964,Цементный (до 1964)
1027,Фокино,Приморский край,Дальневосточный,19 711,1891,1980,Тихоокеанский (до 1980);
1028,Фролово,Волгоградская область,Южный,35 661,1859,1936,
1029,Фрязино,Московская область,Центральный,60 580,1584,1951,
1030,Фурманов,Ивановская область,Центральный,29 715,1918,1918,Середа-Упино (до 1918);
1031,Хабаровск,Хабаровский край,Дальневосточный,617 441,1858,1880,Бури (до 1858);
1032,Хадыженск,Краснодарский край,Южный,22 094,1864,1949,
1033,Ханты-Мансийск,Ханты-Мансийский АО,Уральский,107 473,1582,1950,Остяко-Вогульск (до 1940)
1034,Харабали,Астраханская область,Южный,18 514,1789,1974,
1035,Харовск,Вологодская область,Северо-Западный,8 389,1903,1954,
1036,Хасавюрт,Дагестан,Северо-Кавказский,155 144,1846,1931,Ярыксув (до 1847)
1037,Хвалынск,Саратовская область,Приволжский,12 042,1556,1780,Сосновка (до 1606);
1038,Хилок,Забайкальский край,Сибирский,9 948,1895,1951,
1039,Химки,Московская область,Центральный,257 128,1850,1939,
1040,Холм,Новгородская область,Северо-Западный,3 214,1144,1777,
1041,Холмск,Сахалинская область,Дальневосточный,25 677,1870,1922,Маука (до 1905);
1042,Хотьково,Московская область,Центральный,20 466,1308,1949,
1043,Цивильск,Чувашия,Приволжский,12 762,1589,1781,
1044,Цимлянск,Ростовская область,Южный,14 731,1672,1961,Кумшацкая (до 1950);
1045,Циолковский,Амурская область,Дальневосточный,7 194,1961,2015,Углегорск (до 1969);
1046,Чадан,Тыва,Сибирский,9 732,1873,1945,Артаадыт (до 1929)
1047,Чайковский,Пермский край,Приволжский,75 837,1955,1962,
1048,Чапаевск,Самарская область,Приволжский,70 228,1909,1927,Иващенково (до 1918);
1049,Чаплыгин,Липецкая область,Центральный,11 579,1638,1778,Слободское (до 1778);
1050,Чебаркуль,Челябинская область,Уральский,44 693,1736,1951,
1051,Чебоксары,Чувашия,Приволжский,497 807,1469,1469,
1052,Чегем,Кабардино-Балкария,Северо-Кавказский,20 736,1822,2000,Кундетово (до 1920);
1053,Чекалин,Тульская область,Центральный,935,1565,1746,Лихвин (до 1944)
1054,Челябинск,Челябинская область,Уральский,1 177 058,1736,1781,
1055,Чердынь,Пермский край,Приволжский,4 590,1451,1535,
1056,Черемхово,Иркутская область,Сибирский,53 958,1772,1917,Черемховское
1057,Черепаново,Новосибирская область,Сибирский,19 900,1912,1925,Свободный (до 1921)
1058,Череповец,Вологодская область,Северо-Западный,305 185,1777,1777,
1059,Черкесск,Карачаево-Черкесия,Северо-Кавказский,113 226,1825,1931,Баталпашинская (до 1931);
1060,Чёрмоз,Пермский край,Приволжский,3 044,1701,1943,
1061,Черноголовка,Московская область,Центральный,19 530,1710,2001,
1062,Черногорск,Хакасия,Сибирский,75 745,1936,1936,Черногорские Копи (до 1936)
1063,Чернушка,Пермский край,Приволжский,32 991,1854,1966,
1064,Черняховск,Калининградская область,Северо-Западный,36 128,1336,1583,Инстербург (до 1946)
1065,Чехов,Московская область,Центральный,89 025,1175,1954,Лопасня (до 1954)
1066,Чистополь,Татарстан,Приволжский,58 815,XVIII век,1781,Чистое Поле (до 1781)
1067,Чита,Забайкальский край,Сибирский,334 427,1653,1851,"Плотбище, Плоты, Читинская слобода"
1068,Чкаловск,Нижегородская область,Приволжский,11 535,XII век,1955,Василёво (до 1937)
1069,Чудово,Новгородская область,Северо-Западный,14 302,XVI век,1937,
1070,Чулым,Новосибирская область,Сибирский,11 034,1762,1947,Романовское (до 1933)
1071,Чусовой,Пермский край,Приволжский,45 471,1878,1933,
1072,Чухлома,Костромская область,Центральный,4 252,1381,1778,
1073,Шагонар,Тыва,Сибирский,11 772,1888,1945,
1074,Шадринск,Курганская область,Уральский,68 609,1662,1712,Шадринская слобода (до 1712);
1075,Шали,Чечня,Северо-Кавказский,55 054,1378 или 1384,1990,Междуречье (с 1944 до 1958)
1076,Шарыпово,Красноярский край,Сибирский,33 961,XVIII век,1981,Черненко (с 1985 до 1988)
1077,Шарья,Костромская область,Центральный,20 439,1906,1938,
1078,Шатура,Московская область,Центральный,38 230,1423,1936,
1079,Шахты,Ростовская область,Южный,226 452,1805,1867,Горное Грушевское поселение (до 1881);
1080,Шахунья,Нижегородская область,Приволжский,17 626,1912,1943,
1081,Шацк,Рязанская область,Центральный,5 927,1553,1553,
1082,Шебекино,Белгородская область,Центральный,39 680,1713,1938,
1083,Шелехов,Иркутская область,Сибирский,41 998,1953,1962,ИркАЗ (до 1956)
1084,Шелковская,Чечня,Северо-Кавказский,12 593,1718,2024,Сарафанниково
1085,Шенкурск,Архангельская область,Северо-Западный,4 600,1137,1780,"Вага, Шенкурье"
1086,Шилка,Забайкальский край,Сибирский,12 046,1897,1951,
1087,Шимановск,Амурская область,Дальневосточный,16 488,1910,1950,Пёра (до 1914);
1088,Шиханы,Саратовская область,Приволжский,5 155,1928,1996,
1089,Шлиссельбург,Ленинградская область,Северо-Западный,14 131,1323,1780,Орешек (до 1611);
1090,Шумерля,Чувашия,Приволжский,26 873,1916,1937,
1091,Шумиха,Курганская область,Уральский,16 264,1892,1944,
1092,Шуя,Ивановская область,Центральный,55 225,1394,1778,Борисоглебская слобода
1093,Щёкино,Тульская область,Центральный,55 109,1870,1938,
1094,Щёлкиноне призн.,Крым,Южный,10 131,1978,1992,
1095,Щёлково,Московская область,Центральный,134 211,XVI век,1925,
1096,Щигры,Курская область,Центральный,14 927,XVIII век,1779,Троицкое (до 1779)
1097,Щучье,Курганская область,Уральский,8 252,1750,1945,
1098,Электрогорск,Московская область,Центральный,29 982,1912,1946,Электропередача (до 1946)
1099,Электросталь,Московская область,Центральный,146 403,1916,1938,Затишье (до 1928)
1100,Электроугли,Московская область,Центральный,17 944,1899,1956,
1101,Элиста,Калмыкия,Южный,102 583,1865,1930,Степной (с 1944 до 1957)
1102,Энгельс,Саратовская область,Приволжский,225 428,1747,1914,Покровская слобода (до 1914);
1103,Эртиль,Воронежская область,Центральный,10 024,1897,1963,Ертил
1104,Югорск,Ханты-Мансийский АО,Уральский,38 238,1962,1992,Комсомольский (до 1992)
1105,Южа,Ивановская область,Центральный,12 957,1628,1925,
1106,Южно-Сахалинск,Сахалинская область,Дальневосточный,181 587,1882,1905,Владимировка (до 1905);
1107,Южно-Сухокумск,Дагестан,Северо-Кавказский,10 503,1958,1988,
1108,Южноуральск,Челябинская область,Уральский,37 478,1948,1963,"Нижнеувельский острог (до 1775),"
1109,Юрга,Кемеровская область,Сибирский,79 693,1886,1949,
1110,Юрьев-Польский,Владимирская область,Центральный,17 276,1152,1778,
1111,Юрьевец,Ивановская область,Центральный,7 899,1225,1778,
1112,Юрюзань,Челябинская область,Уральский,10 284,1758,1943,Юрюзанский завод (до 1943)
1113,Юхнов,Калужская область,Центральный,6 610,1410,1777,
1114,Ядрин,Чувашия,Приволжский,7 918,1590,1781,
1115,Якутск,Якутия,Дальневосточный,355 443,1632,1643,"Ленский острог, Якутский острог"
1116,Ялтане призн.,Крым,Южный,74 652,1154,1838,Красноармейск (с 1921 до 1922)
1117,Ялуторовск,Тюменская область,Уральский,38 853,1659,1782,
1118,Янаул,Башкортостан,Приволжский,25 908,1730-е,1991,
1119,Яранск,Кировская область,Приволжский,14 284,1584,1780,
1120,Яровое,Алтайский край,Сибирский,16 424,1943,1993,
1121,Ярославль,Ярославская область,Центральный,577 279,1010,1071,
1122,Ярцево,Смоленская область,Центральный,41 452,1610,1926,
1123,Ясногорск,Тульская область,Центральный,15 269,1578,1958,Лаптево (до 1965)
1124,Ясный,Оренбургская область,Приволжский,15 471,1961,1979,
1125,Яхрома,Московская область,Центральный,14 011,1841,1940,"Суровцево, посёлок Покровской мануфактуры"